Time,Mode,FSO-BER1,FSO-BER2,FSO-ABER,RF-BER,Rx1,Rx2,OBER,Throughput,Delivery
2026-10-01 14:10:22,Diversity / RX2 / interval BER,0.000E+00,0.000E+00,0.000E+00,N/A,50.000,50.000,0.000E+00,50.000001,0.000000
2026-10-01 14:10:23,Diversity / RX2 / interval BER,0.000E+00,0.000E+00,0.000E+00,N/A,50.000,50.000,0.000E+00,50.000000,0.000000
2026-10-01 14:10:24,Diversity / RX2 / interval BER,0.000E+00,0.000E+00,0.000E+00,N/A,50.000,50.000,0.000E+00,50.000000,0.000000
2026-10-01 14:10:25,Diversity / RX2 / interval BER,0.000E+00,0.000E+00,0.000E+00,N/A,50.000,50.000,0.000E+00,49.999999,0.000000
2026-10-01 14:10:26,Diversity / RX2 / interval BER,0.000E+00,0.000E+00,0.000E+00,N/A,50.000,50.000,0.000E+00,50.000000,0.000000
2026-10-01 14:10:27,Diversity / RX2 / interval BER,0.000E+00,0.000E+00,0.000E+00,N/A,50.000,50.000,0.000E+00,50.000001,0.000000
2026-10-01 14:10:28,Diversity / RX2 / interval BER,0.000E+00,0.000E+00,0.000E+00,N/A,50.000,50.000,0.000E+00,50.000000,0.000000
2026-10-01 14:10:29,Diversity / RX2 / interval BER,0.000E+00,0.000E+00,0.000E+00,N/A,50.000,50.000,0.000E+00,50.000000,0.000000
2026-10-01 14:10:30,Diversity / RX2 / interval BER,0.000E+00,0.000E+00,0.000E+00,N/A,50.000,50.000,0.000E+00,50.000000,0.000000
2026-10-01 14:10:31,Diversity / RX2 / interval BER,0.000E+00,0.000E+00,0.000E+00,N/A,50.000,50.000,0.000E+00,50.000001,0.000000
2026-10-01 14:10:32,Diversity / RX2 / interval BER,0.000E+00,0.000E+00,0.000E+00,N/A,50.000,50.000,0.000E+00,49.999999,0.000000
2026-10-01 14:10:33,Diversity / RX2 / interval BER,0.000E+00,0.000E+00,0.000E+00,N/A,50.000,50.000,0.000E+00,50.000001,0.000000
2026-10-01 14:10:34,Diversity / RX2 / interval BER,0.000E+00,0.000E+00,0.000E+00,N/A,50.000,50.000,0.000E+00,50.000000,0.000000
2026-10-01 14:10:35,Diversity / RX2 / interval BER,0.000E+00,0.000E+00,0.000E+00,N/A,50.000,50.000,0.000E+00,49.999999,0.000000
2026-10-01 14:10:36,Diversity / RX2 / interval BER,0.000E+00,0.000E+00,0.000E+00,N/A,50.000,50.000,0.000E+00,50.000000,0.000000
2026-10-01 14:10:37,Diversity / RX2 / interval BER,0.000E+00,0.000E+00,0.000E+00,N/A,50.000,50.000,0.000E+00,50.000000,0.000000
2026-10-01 14:10:38,Diversity / RX2 / interval BER,0.000E+00,0.000E+00,0.000E+00,N/A,50.000,50.000,0.000E+00,50.000001,0.000000
2026-10-01 14:10:39,Diversity / RX2 / interval BER,0.000E+00,0.000E+00,0.000E+00,N/A,50.000,50.000,0.000E+00,50.000000,0.000000
2026-10-01 14:10:40,Diversity / RX2 / interval BER,0.000E+00,0.000E+00,0.000E+00,N/A,50.000,50.000,0.000E+00,50.000000,0.000000
2026-10-01 14:10:41,Diversity / RX2 / interval BER,0.000E+00,0.000E+00,0.000E+00,N/A,50.000,50.000,0.000E+00,50.000000,0.000000
2026-10-01 14:10:42,Diversity / RX2 / interval BER,0.000E+00,0.000E+00,0.000E+00,N/A,50.000,50.000,0.000E+00,50.000000,0.000000
2026-10-01 14:10:43,Diversity / RX2 / interval BER,0.000E+00,0.000E+00,0.000E+00,N/A,50.000,50.000,0.000E+00,50.000001,0.000000
2026-10-01 14:10:44,Diversity / RX2 / interval BER,0.000E+00,0.000E+00,0.000E+00,N/A,50.000,50.000,0.000E+00,49.999999,0.000000
2026-10-01 14:10:45,Diversity / RX2 / interval BER,0.000E+00,0.000E+00,0.000E+00,N/A,50.000,50.000,0.000E+00,50.000000,0.000000
2026-10-01 14:10:46,Diversity / RX2 / interval BER,0.000E+00,0.000E+00,0.000E+00,N/A,50.000,50.000,0.000E+00,50.000000,0.000000
2026-10-01 14:10:47,Diversity / RX2 / interval BER,0.000E+00,0.000E+00,0.000E+00,N/A,50.000,50.000,0.000E+00,50.000000,0.000000
2026-10-01 14:10:48,Diversity / RX2 / interval BER,0.000E+00,0.000E+00,0.000E+00,N/A,50.000,50.000,0.000E+00,50.000000,0.000000
2026-10-01 14:10:49,Diversity / RX2 / interval BER,0.000E+00,0.000E+00,0.000E+00,N/A,50.000,50.000,0.000E+00,50.000000,0.000000
2026-10-01 14:10:50,Diversity / RX2 / interval BER,0.000E+00,0.000E+00,0.000E+00,N/A,50.000,50.000,0.000E+00,49.999999,0.000000
2026-10-01 14:10:51,Diversity / RX2 / interval BER,0.000E+00,0.000E+00,0.000E+00,N/A,50.000,50.000,0.000E+00,50.000001,0.000000
2026-10-01 14:10:52,Diversity / RX2 / interval BER,0.000E+00,0.000E+00,0.000E+00,N/A,50.000,50.000,0.000E+00,49.999999,0.000000
2026-10-01 14:10:53,Diversity / RX2 / interval BER,0.000E+00,0.000E+00,0.000E+00,N/A,50.000,50.000,0.000E+00,50.000001,0.000000
2026-10-01 14:10:54,Diversity / RX2 / interval BER,0.000E+00,0.000E+00,0.000E+00,N/A,50.000,50.000,0.000E+00,50.000000,0.000000
2026-10-01 14:10:55,Diversity / RX2 / interval BER,0.000E+00,0.000E+00,0.000E+00,N/A,50.000,50.000,0.000E+00,50.000000,0.000000
2026-10-01 14:10:56,Diversity / RX2 / interval BER,0.000E+00,0.000E+00,0.000E+00,N/A,50.000,50.000,0.000E+00,50.000000,0.000000
2026-10-01 14:10:57,Diversity / RX2 / interval BER,0.000E+00,0.000E+00,0.000E+00,N/A,50.000,50.000,0.000E+00,50.000000,0.000000
2026-10-01 14:10:58,Diversity / RX2 / interval BER,0.000E+00,0.000E+00,0.000E+00,N/A,50.000,50.000,0.000E+00,50.000000,0.000000
2026-10-01 14:10:59,Diversity / RX2 / interval BER,0.000E+00,0.000E+00,0.000E+00,N/A,50.000,50.000,0.000E+00,50.000000,0.000000
2026-10-01 14:11:00,Diversity / RX2 / interval BER,0.000E+00,0.000E+00,0.000E+00,N/A,50.000,50.000,0.000E+00,50.000000,0.000000
2026-10-01 14:11:01,Diversity / RX2 / interval BER,0.000E+00,0.000E+00,0.000E+00,N/A,50.000,50.000,0.000E+00,50.000000,0.000000
2026-10-01 14:11:02,Diversity / RX2 / interval BER,0.000E+00,0.000E+00,0.000E+00,N/A,50.000,50.000,0.000E+00,50.000000,0.000000
2026-10-01 14:11:03,Diversity / RX2 / interval BER,0.000E+00,0.000E+00,0.000E+00,N/A,50.000,50.000,0.000E+00,50.000000,0.000000
2026-10-01 14:11:04,Diversity / RX2 / interval BER,0.000E+00,0.000E+00,0.000E+00,N/A,50.000,50.000,0.000E+00,50.000000,0.000000
2026-10-01 14:11:05,Diversity / RX2 / interval BER,0.000E+00,0.000E+00,0.000E+00,N/A,50.000,50.000,0.000E+00,50.000000,0.000000
2026-10-01 14:11:06,Diversity / RX2 / interval BER,0.000E+00,0.000E+00,0.000E+00,N/A,50.000,50.000,0.000E+00,50.000001,0.000000
2026-10-01 14:11:07,Diversity / RX2 / interval BER,0.000E+00,0.000E+00,0.000E+00,N/A,50.000,50.000,0.000E+00,50.000000,0.000000
2026-10-01 14:11:08,Diversity / RX2 / interval BER,0.000E+00,0.000E+00,0.000E+00,N/A,50.000,50.000,0.000E+00,50.000000,0.000000
2026-10-01 14:11:09,Diversity / RX2 / interval BER,0.000E+00,0.000E+00,0.000E+00,N/A,50.000,50.000,0.000E+00,50.000000,0.000000
2026-10-01 14:11:10,Diversity / RX2 / interval BER,0.000E+00,0.000E+00,0.000E+00,N/A,50.000,50.000,0.000E+00,50.000000,0.000000
2026-10-01 14:11:11,Diversity / RX2 / interval BER,0.000E+00,0.000E+00,0.000E+00,N/A,50.000,50.000,0.000E+00,50.000000,0.000000
2026-10-01 14:11:12,Diversity / RX1 / interval BER,0.000E+00,7.380E-03,3.293E-03,N/A,50.000,44.006,1.915E-04,50.000000,0.000000
2026-10-01 14:11:13,Diversity / RX1 / interval BER,0.000E+00,5.351E-02,2.044E-02,N/A,50.000,22.811,0.000E+00,50.000000,0.000000
2026-10-01 14:11:14,Diversity / RX1 / interval BER,2.024E-06,No checked bits,2.024E-06,N/A,50.000,0.000,1.153E-02,50.000000,0.000000
2026-10-01 14:11:15,Diversity / RX1 / interval BER,1.370E-02,No checked bits,1.370E-02,N/A,50.000,0.000,6.194E-07,50.000000,0.000000
2026-10-01 14:11:16,Diversity / RX1 / interval BER,0.000E+00,No checked bits,0.000E+00,N/A,50.000,0.000,0.000E+00,50.000000,0.000000
2026-10-01 14:11:17,Diversity / RX1 / interval BER,0.000E+00,No checked bits,0.000E+00,N/A,50.000,0.000,0.000E+00,50.000000,0.000000
2026-10-01 14:11:18,Diversity / RX1 / interval BER,6.314E-03,No checked bits,6.314E-03,N/A,18.947,0.000,1.251E-02,18.947446,0.000000
2026-10-01 14:11:19,Diversity / RF pending / interval BER,No checked bits,No checked bits,No checked bits,N/A,Unavailable,Unavailable,Unavailable (RF),Unavailable (RF),Unavailable (RF)
2026-10-01 14:11:20,Diversity / RF 1Mbps / interval BER,No checked bits,No checked bits,No checked bits,N/A,Unavailable,Unavailable,Unavailable (RF),Unavailable (RF),Unavailable (RF)
2026-10-01 14:11:21,Diversity / RF 1Mbps / interval BER,No checked bits,No checked bits,No checked bits,0.000E+0,Unavailable,Unavailable,Unavailable (RF),Unavailable (RF),Unavailable (RF)
2026-10-01 14:11:22,Diversity / RF 1Mbps / interval BER,No checked bits,No checked bits,No checked bits,0.000E+0,Unavailable,Unavailable,Unavailable (RF),Unavailable (RF),Unavailable (RF)
2026-10-01 14:11:23,Diversity / RF 1Mbps / interval BER,No checked bits,No checked bits,No checked bits,0.000E+0,Unavailable,Unavailable,Unavailable (RF),Unavailable (RF),Unavailable (RF)
2026-10-01 14:11:24,Diversity / RF 1Mbps / interval BER,No checked bits,No checked bits,No checked bits,0.000E+0,Unavailable,Unavailable,Unavailable (RF),Unavailable (RF),Unavailable (RF)
2026-10-01 14:11:25,Diversity / RF 1Mbps / interval BER,No checked bits,No checked bits,No checked bits,0.000E+0,Unavailable,Unavailable,Unavailable (RF),Unavailable (RF),Unavailable (RF)
2026-10-01 14:11:26,Diversity / RF 1Mbps / interval BER,No checked bits,No checked bits,No checked bits,0.000E+0,Unavailable,Unavailable,Unavailable (RF),Unavailable (RF),Unavailable (RF)
2026-10-01 14:11:27,Diversity / RF 1Mbps / interval BER,No checked bits,No checked bits,No checked bits,0.000E+0,Unavailable,Unavailable,Unavailable (RF),Unavailable (RF),Unavailable (RF)
2026-10-01 14:11:28,Diversity / RF 1Mbps / interval BER,No checked bits,No checked bits,No checked bits,0.000E+0,Unavailable,Unavailable,Unavailable (RF),Unavailable (RF),Unavailable (RF)
2026-10-01 14:11:29,Diversity / RF 1Mbps / interval BER,No checked bits,No checked bits,No checked bits,0.000E+0,Unavailable,Unavailable,Unavailable (RF),Unavailable (RF),Unavailable (RF)
2026-10-01 14:11:30,Diversity / RF 1Mbps / interval BER,No checked bits,No checked bits,No checked bits,0.000E+0,Unavailable,Unavailable,Unavailable (RF),Unavailable (RF),Unavailable (RF)
2026-10-01 14:11:31,Diversity / RF 1Mbps / interval BER,No checked bits,No checked bits,No checked bits,0.000E+0,Unavailable,Unavailable,Unavailable (RF),Unavailable (RF),Unavailable (RF)
2026-10-01 14:11:32,Diversity / RF 1Mbps / interval BER,No checked bits,No checked bits,No checked bits,0.000E+0,Unavailable,Unavailable,Unavailable (RF),Unavailable (RF),Unavailable (RF)
2026-10-01 14:11:33,Diversity / RF 1Mbps / interval BER,No checked bits,No checked bits,No checked bits,0.000E+0,Unavailable,Unavailable,Unavailable (RF),Unavailable (RF),Unavailable (RF)
2026-10-01 14:11:34,Diversity / RF 1Mbps / interval BER,No checked bits,No checked bits,No checked bits,0.000E+0,Unavailable,Unavailable,Unavailable (RF),Unavailable (RF),Unavailable (RF)
2026-10-01 14:11:35,Diversity / RF 1Mbps / interval BER,No checked bits,No checked bits,No checked bits,0.000E+0,Unavailable,Unavailable,Unavailable (RF),Unavailable (RF),Unavailable (RF)
2026-10-01 14:11:36,Diversity / RF 1Mbps / interval BER,No checked bits,No checked bits,No checked bits,0.000E+0,Unavailable,Unavailable,Unavailable (RF),Unavailable (RF),Unavailable (RF)
2026-10-01 14:11:37,Diversity / RF 1Mbps / interval BER,No checked bits,No checked bits,No checked bits,0.000E+0,Unavailable,Unavailable,Unavailable (RF),Unavailable (RF),Unavailable (RF)
2026-10-01 14:11:38,Diversity / RF 1Mbps / interval BER,No checked bits,No checked bits,No checked bits,0.000E+0,Unavailable,Unavailable,Unavailable (RF),Unavailable (RF),Unavailable (RF)
2026-10-01 14:11:39,Diversity / RF 1Mbps / interval BER,No checked bits,No checked bits,No checked bits,0.000E+0,Unavailable,Unavailable,Unavailable (RF),Unavailable (RF),Unavailable (RF)
2026-10-01 14:11:40,Diversity / RF 1Mbps / interval BER,No checked bits,No checked bits,No checked bits,0.000E+0,Unavailable,Unavailable,Unavailable (RF),Unavailable (RF),Unavailable (RF)
2026-10-01 14:11:41,Diversity / RF 1Mbps / interval BER,No checked bits,No checked bits,No checked bits,0.000E+0,Unavailable,Unavailable,Unavailable (RF),Unavailable (RF),Unavailable (RF)
2026-10-01 14:11:42,Diversity / RF 1Mbps / interval BER,No checked bits,No checked bits,No checked bits,0.000E+0,Unavailable,Unavailable,Unavailable (RF),Unavailable (RF),Unavailable (RF)
2026-10-01 14:11:43,Diversity / RF 1Mbps / interval BER,No checked bits,No checked bits,No checked bits,0.000E+0,Unavailable,Unavailable,Unavailable (RF),Unavailable (RF),Unavailable (RF)
2026-10-01 14:11:44,Diversity / RF 1Mbps / interval BER,No checked bits,No checked bits,No checked bits,0.000E+0,Unavailable,Unavailable,Unavailable (RF),Unavailable (RF),Unavailable (RF)
2026-10-01 14:11:45,Diversity / RF 1Mbps / interval BER,No checked bits,No checked bits,No checked bits,0.000E+0,Unavailable,Unavailable,Unavailable (RF),Unavailable (RF),Unavailable (RF)
2026-10-01 14:11:46,Diversity / RF 1Mbps / interval BER,No checked bits,No checked bits,No checked bits,0.000E+0,Unavailable,Unavailable,Unavailable (RF),Unavailable (RF),Unavailable (RF)
2026-10-01 14:11:47,Diversity / RF 1Mbps / interval BER,No checked bits,No checked bits,No checked bits,0.000E+0,Unavailable,Unavailable,Unavailable (RF),Unavailable (RF),Unavailable (RF)
2026-10-01 14:11:48,Diversity / RF 1Mbps / interval BER,No checked bits,No checked bits,No checked bits,0.000E+0,Unavailable,Unavailable,Unavailable (RF),Unavailable (RF),Unavailable (RF)
2026-10-01 14:11:49,Diversity / RF 1Mbps / interval BER,No checked bits,No checked bits,No checked bits,0.000E+0,Unavailable,Unavailable,Unavailable (RF),Unavailable (RF),Unavailable (RF)
2026-10-01 14:11:50,Diversity / RF 1Mbps / interval BER,No checked bits,No checked bits,No checked bits,0.000E+0,Unavailable,Unavailable,Unavailable (RF),Unavailable (RF),Unavailable (RF)
2026-10-01 14:11:51,Diversity / RF 1Mbps / interval BER,No checked bits,No checked bits,No checked bits,0.000E+0,Unavailable,Unavailable,Unavailable (RF),Unavailable (RF),Unavailable (RF)
2026-10-01 14:11:52,Diversity / RF 1Mbps / interval BER,No checked bits,No checked bits,No checked bits,0.000E+0,Unavailable,Unavailable,Unavailable (RF),Unavailable (RF),Unavailable (RF)
2026-10-01 14:11:53,Diversity / RF 1Mbps / interval BER,No checked bits,No checked bits,No checked bits,0.000E+0,Unavailable,Unavailable,Unavailable (RF),Unavailable (RF),Unavailable (RF)
2026-10-01 14:11:54,Diversity / RF 1Mbps / interval BER,No checked bits,No checked bits,No checked bits,0.000E+0,Unavailable,Unavailable,Unavailable (RF),Unavailable (RF),Unavailable (RF)
2026-10-01 14:11:55,Diversity / RF 1Mbps / interval BER,No checked bits,No checked bits,No checked bits,0.000E+0,Unavailable,Unavailable,Unavailable (RF),Unavailable (RF),Unavailable (RF)
2026-10-01 14:11:56,Diversity / RF 1Mbps / interval BER,No checked bits,No checked bits,No checked bits,0.000E+0,Unavailable,Unavailable,Unavailable (RF),Unavailable (RF),Unavailable (RF)
2026-10-01 14:11:57,Diversity / RF 1Mbps / interval BER,No checked bits,No checked bits,No checked bits,0.000E+0,Unavailable,Unavailable,Unavailable (RF),Unavailable (RF),Unavailable (RF)
2026-10-01 14:11:58,Diversity / RF 1Mbps / interval BER,No checked bits,No checked bits,No checked bits,0.000E+0,Unavailable,Unavailable,Unavailable (RF),Unavailable (RF),Unavailable (RF)
2026-10-01 14:11:59,Diversity / RF 1Mbps / interval BER,No checked bits,No checked bits,No checked bits,0.000E+0,Unavailable,Unavailable,Unavailable (RF),Unavailable (RF),Unavailable (RF)
2026-10-01 14:12:00,Diversity / RF 1Mbps / interval BER,No checked bits,No checked bits,No checked bits,0.000E+0,Unavailable,Unavailable,Unavailable (RF),Unavailable (RF),Unavailable (RF)
2026-10-01 14:12:01,Diversity / RF 1Mbps / interval BER,No checked bits,No checked bits,No checked bits,0.000E+0,Unavailable,Unavailable,Unavailable (RF),Unavailable (RF),Unavailable (RF)
2026-10-01 14:12:02,Diversity / RF 1Mbps / interval BER,No checked bits,No checked bits,No checked bits,0.000E+0,Unavailable,Unavailable,Unavailable (RF),Unavailable (RF),Unavailable (RF)
2026-10-01 14:12:03,Diversity / RF 1Mbps / interval BER,No checked bits,No checked bits,No checked bits,0.000E+0,Unavailable,Unavailable,Unavailable (RF),Unavailable (RF),Unavailable (RF)
2026-10-01 14:12:04,Diversity / RF 1Mbps / interval BER,No checked bits,No checked bits,No checked bits,0.000E+0,Unavailable,Unavailable,Unavailable (RF),Unavailable (RF),Unavailable (RF)
2026-10-01 14:12:05,Diversity / RF 1Mbps / interval BER,No checked bits,No checked bits,No checked bits,0.000E+0,Unavailable,Unavailable,Unavailable (RF),Unavailable (RF),Unavailable (RF)
2026-10-01 14:12:06,Diversity / RF 1Mbps / interval BER,No checked bits,No checked bits,No checked bits,0.000E+0,Unavailable,Unavailable,Unavailable (RF),Unavailable (RF),Unavailable (RF)
2026-10-01 14:12:07,Diversity / RF 1Mbps / interval BER,No checked bits,No checked bits,No checked bits,0.000E+0,Unavailable,Unavailable,Unavailable (RF),Unavailable (RF),Unavailable (RF)
2026-10-01 14:12:08,Diversity / RF 1Mbps / interval BER,No checked bits,No checked bits,No checked bits,0.000E+0,Unavailable,Unavailable,Unavailable (RF),Unavailable (RF),Unavailable (RF)
2026-10-01 14:12:09,Diversity / RF 1Mbps / interval BER,No checked bits,No checked bits,No checked bits,0.000E+0,Unavailable,Unavailable,Unavailable (RF),Unavailable (RF),Unavailable (RF)
2026-10-01 14:12:10,Diversity / RF 1Mbps / interval BER,No checked bits,No checked bits,No checked bits,0.000E+0,Unavailable,Unavailable,Unavailable (RF),Unavailable (RF),Unavailable (RF)
2026-10-01 14:12:11,Diversity / RF 1Mbps / interval BER,No checked bits,No checked bits,No checked bits,0.000E+0,Unavailable,Unavailable,Unavailable (RF),Unavailable (RF),Unavailable (RF)
2026-10-01 14:12:12,Diversity / RF 1Mbps / interval BER,No checked bits,No checked bits,No checked bits,0.000E+0,Unavailable,Unavailable,Unavailable (RF),Unavailable (RF),Unavailable (RF)
2026-10-01 14:12:13,Diversity / RF 1Mbps / interval BER,No checked bits,No checked bits,No checked bits,0.000E+0,Unavailable,Unavailable,Unavailable (RF),Unavailable (RF),Unavailable (RF)
2026-10-01 14:12:14,Diversity / RF 1Mbps / interval BER,No checked bits,No checked bits,No checked bits,0.000E+0,Unavailable,Unavailable,Unavailable (RF),Unavailable (RF),Unavailable (RF)
2026-10-01 14:12:15,Diversity / RF 1Mbps / interval BER,No checked bits,No checked bits,No checked bits,0.000E+0,Unavailable,Unavailable,Unavailable (RF),Unavailable (RF),Unavailable (RF)
2026-10-01 14:12:16,Diversity / RF 1Mbps / interval BER,No checked bits,No checked bits,No checked bits,0.000E+0,Unavailable,Unavailable,Unavailable (RF),Unavailable (RF),Unavailable (RF)
2026-10-01 14:12:17,Diversity / RF 1Mbps / interval BER,No checked bits,No checked bits,No checked bits,0.000E+0,Unavailable,Unavailable,Unavailable (RF),Unavailable (RF),Unavailable (RF)
2026-10-01 14:12:18,Diversity / RF 1Mbps / interval BER,No checked bits,No checked bits,No checked bits,0.000E+0,Unavailable,Unavailable,Unavailable (RF),Unavailable (RF),Unavailable (RF)
2026-10-01 14:12:19,Diversity / RF 1Mbps / interval BER,No checked bits,No checked bits,No checked bits,0.000E+0,Unavailable,Unavailable,Unavailable (RF),Unavailable (RF),Unavailable (RF)
2026-10-01 14:12:20,Diversity / RF 1Mbps / interval BER,No checked bits,No checked bits,No checked bits,0.000E+0,Unavailable,Unavailable,Unavailable (RF),Unavailable (RF),Unavailable (RF)
2026-10-01 14:12:21,Diversity / RF 1Mbps / interval BER,No checked bits,No checked bits,No checked bits,0.000E+0,Unavailable,Unavailable,Unavailable (RF),Unavailable (RF),Unavailable (RF)
2026-10-01 14:12:22,Diversity / RF 1Mbps / interval BER,No checked bits,No checked bits,No checked bits,0.000E+0,Unavailable,Unavailable,Unavailable (RF),Unavailable (RF),Unavailable (RF)
2026-10-01 14:12:23,Diversity / RF 1Mbps / interval BER,No checked bits,No checked bits,No checked bits,0.000E+0,Unavailable,Unavailable,Unavailable (RF),Unavailable (RF),Unavailable (RF)
2026-10-01 14:12:24,Diversity / RF 1Mbps / interval BER,No checked bits,No checked bits,No checked bits,0.000E+0,Unavailable,Unavailable,Unavailable (RF),Unavailable (RF),Unavailable (RF)
2026-10-01 14:12:25,Diversity / RF 1Mbps / interval BER,No checked bits,No checked bits,No checked bits,0.000E+0,Unavailable,Unavailable,Unavailable (RF),Unavailable (RF),Unavailable (RF)
2026-10-01 14:12:26,Diversity / RF 1Mbps / interval BER,No checked bits,No checked bits,No checked bits,0.000E+0,Unavailable,Unavailable,Unavailable (RF),Unavailable (RF),Unavailable (RF)
2026-10-01 14:12:27,Diversity / RF 1Mbps / interval BER,No checked bits,No checked bits,No checked bits,0.000E+0,Unavailable,Unavailable,Unavailable (RF),Unavailable (RF),Unavailable (RF)
2026-10-01 14:12:28,Diversity / RF 1Mbps / interval BER,No checked bits,No checked bits,No checked bits,0.000E+0,Unavailable,Unavailable,Unavailable (RF),Unavailable (RF),Unavailable (RF)
2026-10-01 14:12:29,Diversity / RF 1Mbps / interval BER,No checked bits,No checked bits,No checked bits,0.000E+0,Unavailable,Unavailable,Unavailable (RF),Unavailable (RF),Unavailable (RF)
2026-10-01 14:12:30,Diversity / RF 1Mbps / interval BER,No checked bits,No checked bits,No checked bits,0.000E+0,Unavailable,Unavailable,Unavailable (RF),Unavailable (RF),Unavailable (RF)
2026-10-01 14:12:31,Diversity / RF 1Mbps / interval BER,No checked bits,No checked bits,No checked bits,0.000E+0,Unavailable,Unavailable,Unavailable (RF),Unavailable (RF),Unavailable (RF)
2026-10-01 14:12:32,Diversity / RF 1Mbps / interval BER,No checked bits,No checked bits,No checked bits,0.000E+0,Unavailable,Unavailable,Unavailable (RF),Unavailable (RF),Unavailable (RF)
2026-10-01 14:12:33,Diversity / RF 1Mbps / interval BER,No checked bits,No checked bits,No checked bits,0.000E+0,Unavailable,Unavailable,Unavailable (RF),Unavailable (RF),Unavailable (RF)
2026-10-01 14:12:34,Diversity / RF 1Mbps / interval BER,No checked bits,No checked bits,No checked bits,0.000E+0,Unavailable,Unavailable,Unavailable (RF),Unavailable (RF),Unavailable (RF)
2026-10-01 14:12:35,Diversity / RF 1Mbps / interval BER,No checked bits,No checked bits,No checked bits,0.000E+0,Unavailable,Unavailable,Unavailable (RF),Unavailable (RF),Unavailable (RF)
2026-10-01 14:12:36,Diversity / RF 1Mbps / interval BER,No checked bits,No checked bits,No checked bits,0.000E+0,Unavailable,Unavailable,Unavailable (RF),Unavailable (RF),Unavailable (RF)
2026-10-01 14:12:37,Diversity / RF 1Mbps / interval BER,No checked bits,No checked bits,No checked bits,0.000E+0,Unavailable,Unavailable,Unavailable (RF),Unavailable (RF),Unavailable (RF)
2026-10-01 14:12:38,Diversity / RF 1Mbps / interval BER,No checked bits,No checked bits,No checked bits,0.000E+0,Unavailable,Unavailable,Unavailable (RF),Unavailable (RF),Unavailable (RF)
2026-10-01 14:12:39,Diversity / RF 1Mbps / interval BER,No checked bits,No checked bits,No checked bits,0.000E+0,Unavailable,Unavailable,Unavailable (RF),Unavailable (RF),Unavailable (RF)
2026-10-01 14:12:40,Diversity / RF 1Mbps / interval BER,No checked bits,No checked bits,No checked bits,0.000E+0,Unavailable,Unavailable,Unavailable (RF),Unavailable (RF),Unavailable (RF)
2026-10-01 14:12:41,Diversity / RF 1Mbps / interval BER,No checked bits,No checked bits,No checked bits,0.000E+0,Unavailable,Unavailable,Unavailable (RF),Unavailable (RF),Unavailable (RF)
2026-10-01 14:12:42,Diversity / RF 1Mbps / interval BER,No checked bits,No checked bits,No checked bits,0.000E+0,Unavailable,Unavailable,Unavailable (RF),Unavailable (RF),Unavailable (RF)
2026-10-01 14:12:43,Diversity / RF 1Mbps / interval BER,No checked bits,No checked bits,No checked bits,0.000E+0,Unavailable,Unavailable,Unavailable (RF),Unavailable (RF),Unavailable (RF)
2026-10-01 14:12:44,Diversity / RF 1Mbps / interval BER,No checked bits,No checked bits,No checked bits,0.000E+0,Unavailable,Unavailable,Unavailable (RF),Unavailable (RF),Unavailable (RF)
2026-10-01 14:12:45,Diversity / RF 1Mbps / interval BER,No checked bits,No checked bits,No checked bits,0.000E+0,Unavailable,Unavailable,Unavailable (RF),Unavailable (RF),Unavailable (RF)
2026-10-01 14:12:46,Diversity / RF 1Mbps / interval BER,No checked bits,No checked bits,No checked bits,0.000E+0,Unavailable,Unavailable,Unavailable (RF),Unavailable (RF),Unavailable (RF)
2026-10-01 14:12:47,Diversity / RF 1Mbps / interval BER,No checked bits,No checked bits,No checked bits,0.000E+0,Unavailable,Unavailable,Unavailable (RF),Unavailable (RF),Unavailable (RF)
2026-10-01 14:12:48,Diversity / RF 1Mbps / interval BER,No checked bits,No checked bits,No checked bits,0.000E+0,Unavailable,Unavailable,Unavailable (RF),Unavailable (RF),Unavailable (RF)
2026-10-01 14:12:49,Diversity / RF 1Mbps / interval BER,No checked bits,No checked bits,No checked bits,0.000E+0,Unavailable,Unavailable,Unavailable (RF),Unavailable (RF),Unavailable (RF)
2026-10-01 14:12:50,Diversity / RF 1Mbps / interval BER,No checked bits,No checked bits,No checked bits,0.000E+0,Unavailable,Unavailable,Unavailable (RF),Unavailable (RF),Unavailable (RF)
2026-10-01 14:12:51,Diversity / RF 1Mbps / interval BER,No checked bits,No checked bits,No checked bits,0.000E+0,Unavailable,Unavailable,Unavailable (RF),Unavailable (RF),Unavailable (RF)
2026-10-01 14:12:52,Diversity / RF 1Mbps / interval BER,No checked bits,No checked bits,No checked bits,0.000E+0,Unavailable,Unavailable,Unavailable (RF),Unavailable (RF),Unavailable (RF)
2026-10-01 14:12:53,Diversity / RF 1Mbps / interval BER,No checked bits,No checked bits,No checked bits,0.000E+0,Unavailable,Unavailable,Unavailable (RF),Unavailable (RF),Unavailable (RF)
2026-10-01 14:12:54,Diversity / RF 1Mbps / interval BER,No checked bits,No checked bits,No checked bits,0.000E+0,Unavailable,Unavailable,Unavailable (RF),Unavailable (RF),Unavailable (RF)
2026-10-01 14:12:55,Diversity / RF 1Mbps / interval BER,No checked bits,No checked bits,No checked bits,0.000E+0,Unavailable,Unavailable,Unavailable (RF),Unavailable (RF),Unavailable (RF)
2026-10-01 14:12:56,Diversity / RF 1Mbps / interval BER,No checked bits,No checked bits,No checked bits,0.000E+0,Unavailable,Unavailable,Unavailable (RF),Unavailable (RF),Unavailable (RF)
2026-10-01 14:12:57,Diversity / RF 1Mbps / interval BER,No checked bits,No checked bits,No checked bits,0.000E+0,Unavailable,Unavailable,Unavailable (RF),Unavailable (RF),Unavailable (RF)
2026-10-01 14:12:58,Diversity / RF 1Mbps / interval BER,No checked bits,No checked bits,No checked bits,0.000E+0,Unavailable,Unavailable,Unavailable (RF),Unavailable (RF),Unavailable (RF)
2026-10-01 14:12:59,Diversity / RF 1Mbps / interval BER,No checked bits,No checked bits,No checked bits,0.000E+0,Unavailable,Unavailable,Unavailable (RF),Unavailable (RF),Unavailable (RF)
2026-10-01 14:13:00,Diversity / RF 1Mbps / interval BER,No checked bits,No checked bits,No checked bits,0.000E+0,Unavailable,Unavailable,Unavailable (RF),Unavailable (RF),Unavailable (RF)
2026-10-01 14:13:01,Diversity / RF 1Mbps / interval BER,No checked bits,No checked bits,No checked bits,0.000E+0,Unavailable,Unavailable,Unavailable (RF),Unavailable (RF),Unavailable (RF)
2026-10-01 14:13:02,Diversity / RF 1Mbps / interval BER,No checked bits,No checked bits,No checked bits,0.000E+0,Unavailable,Unavailable,Unavailable (RF),Unavailable (RF),Unavailable (RF)
2026-10-01 14:13:03,Diversity / RF 1Mbps / interval BER,No checked bits,No checked bits,No checked bits,0.000E+0,Unavailable,Unavailable,Unavailable (RF),Unavailable (RF),Unavailable (RF)
2026-10-01 14:13:04,Diversity / RF 1Mbps / interval BER,No checked bits,No checked bits,No checked bits,0.000E+0,Unavailable,Unavailable,Unavailable (RF),Unavailable (RF),Unavailable (RF)
2026-10-01 14:13:05,Diversity / RF 1Mbps / interval BER,No checked bits,No checked bits,No checked bits,0.000E+0,Unavailable,Unavailable,Unavailable (RF),Unavailable (RF),Unavailable (RF)
2026-10-01 14:13:06,Diversity / RF 1Mbps / interval BER,No checked bits,No checked bits,No checked bits,0.000E+0,Unavailable,Unavailable,Unavailable (RF),Unavailable (RF),Unavailable (RF)
2026-10-01 14:13:07,Diversity / RF 1Mbps / interval BER,No checked bits,No checked bits,No checked bits,0.000E+0,Unavailable,Unavailable,Unavailable (RF),Unavailable (RF),Unavailable (RF)
2026-10-01 14:13:08,Diversity / RF 1Mbps / interval BER,No checked bits,No checked bits,No checked bits,0.000E+0,Unavailable,Unavailable,Unavailable (RF),Unavailable (RF),Unavailable (RF)
2026-10-01 14:13:09,Diversity / RF 1Mbps / interval BER,No checked bits,No checked bits,No checked bits,0.000E+0,Unavailable,Unavailable,Unavailable (RF),Unavailable (RF),Unavailable (RF)
2026-10-01 14:13:10,Diversity / RF 1Mbps / interval BER,No checked bits,No checked bits,No checked bits,0.000E+0,Unavailable,Unavailable,Unavailable (RF),Unavailable (RF),Unavailable (RF)
2026-10-01 14:13:11,Diversity / RF 1Mbps / interval BER,No checked bits,No checked bits,No checked bits,0.000E+0,Unavailable,Unavailable,Unavailable (RF),Unavailable (RF),Unavailable (RF)
2026-10-01 14:13:12,Diversity / RF 1Mbps / interval BER,No checked bits,No checked bits,No checked bits,0.000E+0,Unavailable,Unavailable,Unavailable (RF),Unavailable (RF),Unavailable (RF)
2026-10-01 14:13:13,Diversity / RF 1Mbps / interval BER,No checked bits,No checked bits,No checked bits,0.000E+0,Unavailable,Unavailable,Unavailable (RF),Unavailable (RF),Unavailable (RF)
2026-10-01 14:13:14,Diversity / RF 1Mbps / interval BER,No checked bits,No checked bits,No checked bits,0.000E+0,Unavailable,Unavailable,Unavailable (RF),Unavailable (RF),Unavailable (RF)
2026-10-01 14:13:15,Diversity / RF 1Mbps / interval BER,No checked bits,No checked bits,No checked bits,0.000E+0,Unavailable,Unavailable,Unavailable (RF),Unavailable (RF),Unavailable (RF)
2026-10-01 14:13:16,Diversity / RF 1Mbps / interval BER,No checked bits,No checked bits,No checked bits,0.000E+0,Unavailable,Unavailable,Unavailable (RF),Unavailable (RF),Unavailable (RF)
2026-10-01 14:13:17,Diversity / RF 1Mbps / interval BER,No checked bits,No checked bits,No checked bits,0.000E+0,Unavailable,Unavailable,Unavailable (RF),Unavailable (RF),Unavailable (RF)
2026-10-01 14:13:18,Diversity / RF 1Mbps / interval BER,No checked bits,No checked bits,No checked bits,0.000E+0,Unavailable,Unavailable,Unavailable (RF),Unavailable (RF),Unavailable (RF)
2026-10-01 14:13:19,Diversity / RF 1Mbps / interval BER,No checked bits,No checked bits,No checked bits,0.000E+0,Unavailable,Unavailable,Unavailable (RF),Unavailable (RF),Unavailable (RF)
2026-10-01 14:13:20,Diversity / RF 1Mbps / interval BER,No checked bits,No checked bits,No checked bits,0.000E+0,Unavailable,Unavailable,Unavailable (RF),Unavailable (RF),Unavailable (RF)
2026-10-01 14:13:21,Diversity / RF 1Mbps / interval BER,No checked bits,No checked bits,No checked bits,0.000E+0,Unavailable,Unavailable,Unavailable (RF),Unavailable (RF),Unavailable (RF)
2026-10-01 14:13:22,Diversity / RF 1Mbps / interval BER,No checked bits,No checked bits,No checked bits,0.000E+0,Unavailable,Unavailable,Unavailable (RF),Unavailable (RF),Unavailable (RF)
2026-10-01 14:13:23,Diversity / RF 1Mbps / interval BER,No checked bits,No checked bits,No checked bits,0.000E+0,Unavailable,Unavailable,Unavailable (RF),Unavailable (RF),Unavailable (RF)
2026-10-01 14:13:24,Diversity / RF 1Mbps / interval BER,No checked bits,No checked bits,No checked bits,0.000E+0,Unavailable,Unavailable,Unavailable (RF),Unavailable (RF),Unavailable (RF)
2026-10-01 14:13:25,Diversity / RF 1Mbps / interval BER,No checked bits,No checked bits,No checked bits,0.000E+0,Unavailable,Unavailable,Unavailable (RF),Unavailable (RF),Unavailable (RF)
2026-10-01 14:13:26,Diversity / RF 1Mbps / interval BER,No checked bits,No checked bits,No checked bits,0.000E+0,Unavailable,Unavailable,Unavailable (RF),Unavailable (RF),Unavailable (RF)
2026-10-01 14:13:27,Diversity / RF 1Mbps / interval BER,No checked bits,No checked bits,No checked bits,0.000E+0,Unavailable,Unavailable,Unavailable (RF),Unavailable (RF),Unavailable (RF)
2026-10-01 14:13:28,Diversity / RF 1Mbps / interval BER,No checked bits,No checked bits,No checked bits,0.000E+0,Unavailable,Unavailable,Unavailable (RF),Unavailable (RF),Unavailable (RF)
2026-10-01 14:13:29,Diversity / RF 1Mbps / interval BER,No checked bits,No checked bits,No checked bits,0.000E+0,Unavailable,Unavailable,Unavailable (RF),Unavailable (RF),Unavailable (RF)
2026-10-01 14:13:30,Diversity / RF 1Mbps / interval BER,No checked bits,No checked bits,No checked bits,0.000E+0,Unavailable,Unavailable,Unavailable (RF),Unavailable (RF),Unavailable (RF)
2026-10-01 14:13:31,Diversity / RF 1Mbps / interval BER,No checked bits,No checked bits,No checked bits,0.000E+0,Unavailable,Unavailable,Unavailable (RF),Unavailable (RF),Unavailable (RF)
2026-10-01 14:13:32,Diversity / RF 1Mbps / interval BER,No checked bits,No checked bits,No checked bits,0.000E+0,Unavailable,Unavailable,Unavailable (RF),Unavailable (RF),Unavailable (RF)
2026-10-01 14:13:33,Diversity / RF 1Mbps / interval BER,No checked bits,No checked bits,No checked bits,0.000E+0,Unavailable,Unavailable,Unavailable (RF),Unavailable (RF),Unavailable (RF)
2026-10-01 14:13:34,Diversity / RF 1Mbps / interval BER,No checked bits,No checked bits,No checked bits,0.000E+0,Unavailable,Unavailable,Unavailable (RF),Unavailable (RF),Unavailable (RF)
2026-10-01 14:13:35,Diversity / RF 1Mbps / interval BER,No checked bits,No checked bits,No checked bits,0.000E+0,Unavailable,Unavailable,Unavailable (RF),Unavailable (RF),Unavailable (RF)
2026-10-01 14:13:36,Diversity / RF 1Mbps / interval BER,No checked bits,No checked bits,No checked bits,0.000E+0,Unavailable,Unavailable,Unavailable (RF),Unavailable (RF),Unavailable (RF)
2026-10-01 14:13:37,Diversity / RF 1Mbps / interval BER,No checked bits,No checked bits,No checked bits,0.000E+0,Unavailable,Unavailable,Unavailable (RF),Unavailable (RF),Unavailable (RF)
2026-10-01 14:13:38,Diversity / RF 1Mbps / interval BER,No checked bits,No checked bits,No checked bits,0.000E+0,Unavailable,Unavailable,Unavailable (RF),Unavailable (RF),Unavailable (RF)
2026-10-01 14:13:39,Diversity / RF 1Mbps / interval BER,No checked bits,No checked bits,No checked bits,0.000E+0,Unavailable,Unavailable,Unavailable (RF),Unavailable (RF),Unavailable (RF)
2026-10-01 14:13:40,Diversity / RF 1Mbps / interval BER,No checked bits,No checked bits,No checked bits,0.000E+0,Unavailable,Unavailable,Unavailable (RF),Unavailable (RF),Unavailable (RF)
2026-10-01 14:13:41,Diversity / RF 1Mbps / interval BER,No checked bits,No checked bits,No checked bits,0.000E+0,Unavailable,Unavailable,Unavailable (RF),Unavailable (RF),Unavailable (RF)
2026-10-01 14:13:42,Diversity / RF 1Mbps / interval BER,No checked bits,No checked bits,No checked bits,0.000E+0,Unavailable,Unavailable,Unavailable (RF),Unavailable (RF),Unavailable (RF)
2026-10-01 14:13:43,Diversity / RF 1Mbps / interval BER,No checked bits,No checked bits,No checked bits,0.000E+0,Unavailable,Unavailable,Unavailable (RF),Unavailable (RF),Unavailable (RF)
2026-10-01 14:13:44,Diversity / RF 1Mbps / interval BER,No checked bits,No checked bits,No checked bits,0.000E+0,Unavailable,Unavailable,Unavailable (RF),Unavailable (RF),Unavailable (RF)
2026-10-01 14:13:45,Diversity / RF 1Mbps / interval BER,No checked bits,No checked bits,No checked bits,0.000E+0,Unavailable,Unavailable,Unavailable (RF),Unavailable (RF),Unavailable (RF)
2026-10-01 14:13:46,Diversity / RF 1Mbps / interval BER,No checked bits,No checked bits,No checked bits,0.000E+0,Unavailable,Unavailable,Unavailable (RF),Unavailable (RF),Unavailable (RF)
2026-10-01 14:13:47,Diversity / RF 1Mbps / interval BER,No checked bits,No checked bits,No checked bits,0.000E+0,Unavailable,Unavailable,Unavailable (RF),Unavailable (RF),Unavailable (RF)
2026-10-01 14:13:48,Diversity / RF 1Mbps / interval BER,No checked bits,No checked bits,No checked bits,0.000E+0,Unavailable,Unavailable,Unavailable (RF),Unavailable (RF),Unavailable (RF)
2026-10-01 14:13:49,Diversity / RF 1Mbps / interval BER,No checked bits,No checked bits,No checked bits,0.000E+0,Unavailable,Unavailable,Unavailable (RF),Unavailable (RF),Unavailable (RF)
2026-10-01 14:13:50,Diversity / RF 1Mbps / interval BER,No checked bits,No checked bits,No checked bits,0.000E+0,Unavailable,Unavailable,Unavailable (RF),Unavailable (RF),Unavailable (RF)
2026-10-01 14:13:51,Diversity / RF 1Mbps / interval BER,No checked bits,No checked bits,No checked bits,0.000E+0,Unavailable,Unavailable,Unavailable (RF),Unavailable (RF),Unavailable (RF)
2026-10-01 14:13:52,Diversity / RF 1Mbps / interval BER,No checked bits,No checked bits,No checked bits,0.000E+0,Unavailable,Unavailable,Unavailable (RF),Unavailable (RF),Unavailable (RF)
2026-10-01 14:13:53,Diversity / RF 1Mbps / interval BER,No checked bits,No checked bits,No checked bits,0.000E+0,Unavailable,Unavailable,Unavailable (RF),Unavailable (RF),Unavailable (RF)
2026-10-01 14:13:54,Diversity / RF 1Mbps / interval BER,No checked bits,No checked bits,No checked bits,0.000E+0,Unavailable,Unavailable,Unavailable (RF),Unavailable (RF),Unavailable (RF)
2026-10-01 14:13:55,Diversity / RF 1Mbps / interval BER,No checked bits,No checked bits,No checked bits,0.000E+0,Unavailable,Unavailable,Unavailable (RF),Unavailable (RF),Unavailable (RF)
2026-10-01 14:13:56,Diversity / RF 1Mbps / interval BER,No checked bits,No checked bits,No checked bits,0.000E+0,Unavailable,Unavailable,Unavailable (RF),Unavailable (RF),Unavailable (RF)
2026-10-01 14:13:57,Diversity / RF 1Mbps / interval BER,No checked bits,No checked bits,No checked bits,0.000E+0,Unavailable,Unavailable,Unavailable (RF),Unavailable (RF),Unavailable (RF)
2026-10-01 14:13:58,Diversity / RF 1Mbps / interval BER,No checked bits,No checked bits,No checked bits,0.000E+0,Unavailable,Unavailable,Unavailable (RF),Unavailable (RF),Unavailable (RF)
2026-10-01 14:13:59,Diversity / RF 1Mbps / interval BER,No checked bits,No checked bits,No checked bits,0.000E+0,Unavailable,Unavailable,Unavailable (RF),Unavailable (RF),Unavailable (RF)
2026-10-01 14:14:00,Diversity / RF 1Mbps / interval BER,No checked bits,No checked bits,No checked bits,0.000E+0,Unavailable,Unavailable,Unavailable (RF),Unavailable (RF),Unavailable (RF)
2026-10-01 14:14:01,Diversity / RF 1Mbps / interval BER,No checked bits,No checked bits,No checked bits,0.000E+0,Unavailable,Unavailable,Unavailable (RF),Unavailable (RF),Unavailable (RF)
2026-10-01 14:14:02,Diversity / RF 1Mbps / interval BER,No checked bits,No checked bits,No checked bits,0.000E+0,Unavailable,Unavailable,Unavailable (RF),Unavailable (RF),Unavailable (RF)
2026-10-01 14:14:03,Diversity / RF 1Mbps / interval BER,No checked bits,No checked bits,No checked bits,0.000E+0,Unavailable,Unavailable,Unavailable (RF),Unavailable (RF),Unavailable (RF)
2026-10-01 14:14:04,Diversity / RF 1Mbps / interval BER,No checked bits,No checked bits,No checked bits,0.000E+0,Unavailable,Unavailable,Unavailable (RF),Unavailable (RF),Unavailable (RF)
2026-10-01 14:14:05,Diversity / RF 1Mbps / interval BER,No checked bits,No checked bits,No checked bits,0.000E+0,Unavailable,Unavailable,Unavailable (RF),Unavailable (RF),Unavailable (RF)
2026-10-01 14:14:06,Diversity / RF 1Mbps / interval BER,No checked bits,No checked bits,No checked bits,0.000E+0,Unavailable,Unavailable,Unavailable (RF),Unavailable (RF),Unavailable (RF)
2026-10-01 14:14:07,Diversity / RF 1Mbps / interval BER,No checked bits,No checked bits,No checked bits,0.000E+0,Unavailable,Unavailable,Unavailable (RF),Unavailable (RF),Unavailable (RF)
2026-10-01 14:14:08,Diversity / RF 1Mbps / interval BER,No checked bits,No checked bits,No checked bits,0.000E+0,Unavailable,Unavailable,Unavailable (RF),Unavailable (RF),Unavailable (RF)
2026-10-01 14:14:09,Diversity / RF 1Mbps / interval BER,No checked bits,No checked bits,No checked bits,0.000E+0,Unavailable,Unavailable,Unavailable (RF),Unavailable (RF),Unavailable (RF)
2026-10-01 14:14:10,Diversity / RF 1Mbps / interval BER,No checked bits,No checked bits,No checked bits,0.000E+0,Unavailable,Unavailable,Unavailable (RF),Unavailable (RF),Unavailable (RF)
2026-10-01 14:14:11,Diversity / RF 1Mbps / interval BER,No checked bits,No checked bits,No checked bits,0.000E+0,Unavailable,Unavailable,Unavailable (RF),Unavailable (RF),Unavailable (RF)
2026-10-01 14:14:12,Diversity / RF 1Mbps / interval BER,No checked bits,No checked bits,No checked bits,0.000E+0,Unavailable,Unavailable,Unavailable (RF),Unavailable (RF),Unavailable (RF)
2026-10-01 14:14:13,Diversity / RF 1Mbps / interval BER,No checked bits,No checked bits,No checked bits,0.000E+0,Unavailable,Unavailable,Unavailable (RF),Unavailable (RF),Unavailable (RF)
2026-10-01 14:14:14,Diversity / RF 1Mbps / interval BER,No checked bits,No checked bits,No checked bits,0.000E+0,Unavailable,Unavailable,Unavailable (RF),Unavailable (RF),Unavailable (RF)
2026-10-01 14:14:15,Diversity / RF 1Mbps / interval BER,No checked bits,No checked bits,No checked bits,0.000E+0,Unavailable,Unavailable,Unavailable (RF),Unavailable (RF),Unavailable (RF)
2026-10-01 14:14:16,Diversity / RF 1Mbps / interval BER,No checked bits,No checked bits,No checked bits,0.000E+0,Unavailable,Unavailable,Unavailable (RF),Unavailable (RF),Unavailable (RF)
2026-10-01 14:14:17,Diversity / RF 1Mbps / interval BER,No checked bits,No checked bits,No checked bits,0.000E+0,Unavailable,Unavailable,Unavailable (RF),Unavailable (RF),Unavailable (RF)
2026-10-01 14:14:18,Diversity / RF 1Mbps / interval BER,No checked bits,No checked bits,No checked bits,0.000E+0,Unavailable,Unavailable,Unavailable (RF),Unavailable (RF),Unavailable (RF)
2026-10-01 14:14:19,Diversity / RF 1Mbps / interval BER,No checked bits,No checked bits,No checked bits,0.000E+0,Unavailable,Unavailable,Unavailable (RF),Unavailable (RF),Unavailable (RF)
2026-10-01 14:14:20,Diversity / RF 1Mbps / interval BER,No checked bits,No checked bits,No checked bits,0.000E+0,Unavailable,Unavailable,Unavailable (RF),Unavailable (RF),Unavailable (RF)
2026-10-01 14:14:21,Diversity / RF 1Mbps / interval BER,No checked bits,No checked bits,No checked bits,0.000E+0,Unavailable,Unavailable,Unavailable (RF),Unavailable (RF),Unavailable (RF)
2026-10-01 14:14:22,Diversity / RF 1Mbps / interval BER,No checked bits,No checked bits,No checked bits,0.000E+0,Unavailable,Unavailable,Unavailable (RF),Unavailable (RF),Unavailable (RF)
2026-10-01 14:14:23,Diversity / RF 1Mbps / interval BER,No checked bits,No checked bits,No checked bits,0.000E+0,Unavailable,Unavailable,Unavailable (RF),Unavailable (RF),Unavailable (RF)
2026-10-01 14:14:24,Diversity / RF 1Mbps / interval BER,No checked bits,No checked bits,No checked bits,0.000E+0,Unavailable,Unavailable,Unavailable (RF),Unavailable (RF),Unavailable (RF)
2026-10-01 14:14:25,Diversity / RF 1Mbps / interval BER,No checked bits,No checked bits,No checked bits,0.000E+0,Unavailable,Unavailable,Unavailable (RF),Unavailable (RF),Unavailable (RF)
2026-10-01 14:14:26,Diversity / RF 1Mbps / interval BER,No checked bits,No checked bits,No checked bits,0.000E+0,Unavailable,Unavailable,Unavailable (RF),Unavailable (RF),Unavailable (RF)
2026-10-01 14:14:27,Diversity / RF 1Mbps / interval BER,No checked bits,No checked bits,No checked bits,0.000E+0,Unavailable,Unavailable,Unavailable (RF),Unavailable (RF),Unavailable (RF)
2026-10-01 14:14:28,Diversity / RF 1Mbps / interval BER,No checked bits,No checked bits,No checked bits,0.000E+0,Unavailable,Unavailable,Unavailable (RF),Unavailable (RF),Unavailable (RF)
2026-10-01 14:14:29,Diversity / RF 1Mbps / interval BER,No checked bits,No checked bits,No checked bits,0.000E+0,Unavailable,Unavailable,Unavailable (RF),Unavailable (RF),Unavailable (RF)
2026-10-01 14:14:30,Diversity / RF 1Mbps / interval BER,No checked bits,No checked bits,No checked bits,0.000E+0,Unavailable,Unavailable,Unavailable (RF),Unavailable (RF),Unavailable (RF)
2026-10-01 14:14:31,Diversity / RF 1Mbps / interval BER,No checked bits,No checked bits,No checked bits,0.000E+0,Unavailable,Unavailable,Unavailable (RF),Unavailable (RF),Unavailable (RF)
2026-10-01 14:14:32,Diversity / RF 1Mbps / interval BER,No checked bits,No checked bits,No checked bits,0.000E+0,Unavailable,Unavailable,Unavailable (RF),Unavailable (RF),Unavailable (RF)
2026-10-01 14:14:33,Diversity / RF 1Mbps / interval BER,No checked bits,No checked bits,No checked bits,0.000E+0,Unavailable,Unavailable,Unavailable (RF),Unavailable (RF),Unavailable (RF)
2026-10-01 14:14:34,Diversity / RF 1Mbps / interval BER,No checked bits,No checked bits,No checked bits,0.000E+0,Unavailable,Unavailable,Unavailable (RF),Unavailable (RF),Unavailable (RF)
2026-10-01 14:14:35,Diversity / RF 1Mbps / interval BER,No checked bits,No checked bits,No checked bits,0.000E+0,Unavailable,Unavailable,Unavailable (RF),Unavailable (RF),Unavailable (RF)
2026-10-01 14:14:36,Diversity / RF 1Mbps / interval BER,No checked bits,No checked bits,No checked bits,0.000E+0,Unavailable,Unavailable,Unavailable (RF),Unavailable (RF),Unavailable (RF)
2026-10-01 14:14:37,Diversity / RF 1Mbps / interval BER,No checked bits,No checked bits,No checked bits,0.000E+0,Unavailable,Unavailable,Unavailable (RF),Unavailable (RF),Unavailable (RF)
2026-10-01 14:14:38,Diversity / RF 1Mbps / interval BER,No checked bits,No checked bits,No checked bits,0.000E+0,Unavailable,Unavailable,Unavailable (RF),Unavailable (RF),Unavailable (RF)
2026-10-01 14:14:39,Diversity / RF 1Mbps / interval BER,No checked bits,No checked bits,No checked bits,0.000E+0,Unavailable,Unavailable,Unavailable (RF),Unavailable (RF),Unavailable (RF)
2026-10-01 14:14:40,Diversity / RF 1Mbps / interval BER,No checked bits,No checked bits,No checked bits,0.000E+0,Unavailable,Unavailable,Unavailable (RF),Unavailable (RF),Unavailable (RF)
2026-10-01 14:14:41,Diversity / RF 1Mbps / interval BER,No checked bits,No checked bits,No checked bits,0.000E+0,Unavailable,Unavailable,Unavailable (RF),Unavailable (RF),Unavailable (RF)
2026-10-01 14:14:42,Diversity / RF 1Mbps / interval BER,No checked bits,No checked bits,No checked bits,0.000E+0,Unavailable,Unavailable,Unavailable (RF),Unavailable (RF),Unavailable (RF)
2026-10-01 14:14:43,Diversity / RF 1Mbps / interval BER,No checked bits,No checked bits,No checked bits,0.000E+0,Unavailable,Unavailable,Unavailable (RF),Unavailable (RF),Unavailable (RF)
2026-10-01 14:14:44,Diversity / RF 1Mbps / interval BER,No checked bits,No checked bits,No checked bits,0.000E+0,Unavailable,Unavailable,Unavailable (RF),Unavailable (RF),Unavailable (RF)
2026-10-01 14:14:45,Diversity / RF 1Mbps / interval BER,No checked bits,No checked bits,No checked bits,0.000E+0,Unavailable,Unavailable,Unavailable (RF),Unavailable (RF),Unavailable (RF)
2026-10-01 14:14:46,Diversity / RF 1Mbps / interval BER,No checked bits,No checked bits,No checked bits,0.000E+0,Unavailable,Unavailable,Unavailable (RF),Unavailable (RF),Unavailable (RF)
2026-10-01 14:14:47,Diversity / RF 1Mbps / interval BER,No checked bits,No checked bits,No checked bits,0.000E+0,Unavailable,Unavailable,Unavailable (RF),Unavailable (RF),Unavailable (RF)
2026-10-01 14:14:48,Diversity / RF 1Mbps / interval BER,No checked bits,No checked bits,No checked bits,0.000E+0,Unavailable,Unavailable,Unavailable (RF),Unavailable (RF),Unavailable (RF)
2026-10-01 14:14:49,Diversity / RF 1Mbps / interval BER,No checked bits,No checked bits,No checked bits,0.000E+0,Unavailable,Unavailable,Unavailable (RF),Unavailable (RF),Unavailable (RF)
2026-10-01 14:14:50,Diversity / RF 1Mbps / interval BER,No checked bits,No checked bits,No checked bits,0.000E+0,Unavailable,Unavailable,Unavailable (RF),Unavailable (RF),Unavailable (RF)
2026-10-01 14:14:51,Diversity / RF 1Mbps / interval BER,No checked bits,No checked bits,No checked bits,0.000E+0,Unavailable,Unavailable,Unavailable (RF),Unavailable (RF),Unavailable (RF)
2026-10-01 14:14:52,Diversity / RF 1Mbps / interval BER,No checked bits,No checked bits,No checked bits,0.000E+0,Unavailable,Unavailable,Unavailable (RF),Unavailable (RF),Unavailable (RF)
2026-10-01 14:14:53,Diversity / RF 1Mbps / interval BER,No checked bits,No checked bits,No checked bits,0.000E+0,Unavailable,Unavailable,Unavailable (RF),Unavailable (RF),Unavailable (RF)
2026-10-01 14:14:54,Diversity / RF 1Mbps / interval BER,No checked bits,No checked bits,No checked bits,0.000E+0,Unavailable,Unavailable,Unavailable (RF),Unavailable (RF),Unavailable (RF)
2026-10-01 14:14:55,Diversity / RF 1Mbps / interval BER,No checked bits,No checked bits,No checked bits,0.000E+0,Unavailable,Unavailable,Unavailable (RF),Unavailable (RF),Unavailable (RF)
2026-10-01 14:14:56,Diversity / RF 1Mbps / interval BER,No checked bits,No checked bits,No checked bits,0.000E+0,Unavailable,Unavailable,Unavailable (RF),Unavailable (RF),Unavailable (RF)
2026-10-01 14:14:57,Diversity / RF 1Mbps / interval BER,No checked bits,No checked bits,No checked bits,0.000E+0,Unavailable,Unavailable,Unavailable (RF),Unavailable (RF),Unavailable (RF)
2026-10-01 14:14:58,Diversity / RF 1Mbps / interval BER,No checked bits,No checked bits,No checked bits,0.000E+0,Unavailable,Unavailable,Unavailable (RF),Unavailable (RF),Unavailable (RF)
2026-10-01 14:14:59,Diversity / RF 1Mbps / interval BER,No checked bits,No checked bits,No checked bits,0.000E+0,Unavailable,Unavailable,Unavailable (RF),Unavailable (RF),Unavailable (RF)
2026-10-01 14:15:00,Diversity / RF 1Mbps / interval BER,No checked bits,No checked bits,No checked bits,0.000E+0,Unavailable,Unavailable,Unavailable (RF),Unavailable (RF),Unavailable (RF)
2026-10-01 14:15:01,Diversity / RF 1Mbps / interval BER,No checked bits,No checked bits,No checked bits,0.000E+0,Unavailable,Unavailable,Unavailable (RF),Unavailable (RF),Unavailable (RF)
2026-10-01 14:15:02,Diversity / RF 1Mbps / interval BER,No checked bits,No checked bits,No checked bits,0.000E+0,Unavailable,Unavailable,Unavailable (RF),Unavailable (RF),Unavailable (RF)
2026-10-01 14:15:03,Diversity / RF 1Mbps / interval BER,No checked bits,No checked bits,No checked bits,0.000E+0,Unavailable,Unavailable,Unavailable (RF),Unavailable (RF),Unavailable (RF)
2026-10-01 14:15:04,Diversity / RF 1Mbps / interval BER,No checked bits,No checked bits,No checked bits,0.000E+0,Unavailable,Unavailable,Unavailable (RF),Unavailable (RF),Unavailable (RF)
2026-10-01 14:15:05,Diversity / RF 1Mbps / interval BER,No checked bits,No checked bits,No checked bits,0.000E+0,Unavailable,Unavailable,Unavailable (RF),Unavailable (RF),Unavailable (RF)
2026-10-01 14:15:06,Diversity / RF 1Mbps / interval BER,No checked bits,No checked bits,No checked bits,0.000E+0,Unavailable,Unavailable,Unavailable (RF),Unavailable (RF),Unavailable (RF)
2026-10-01 14:15:07,Diversity / RF 1Mbps / interval BER,No checked bits,No checked bits,No checked bits,0.000E+0,Unavailable,Unavailable,Unavailable (RF),Unavailable (RF),Unavailable (RF)
2026-10-01 14:15:08,Diversity / RF 1Mbps / interval BER,No checked bits,No checked bits,No checked bits,0.000E+0,Unavailable,Unavailable,Unavailable (RF),Unavailable (RF),Unavailable (RF)
2026-10-01 14:15:09,Diversity / RF 1Mbps / interval BER,No checked bits,No checked bits,No checked bits,0.000E+0,Unavailable,Unavailable,Unavailable (RF),Unavailable (RF),Unavailable (RF)
2026-10-01 14:15:10,Diversity / RF 1Mbps / interval BER,No checked bits,No checked bits,No checked bits,0.000E+0,Unavailable,Unavailable,Unavailable (RF),Unavailable (RF),Unavailable (RF)
2026-10-01 14:15:11,Diversity / RF 1Mbps / interval BER,No checked bits,No checked bits,No checked bits,0.000E+0,Unavailable,Unavailable,Unavailable (RF),Unavailable (RF),Unavailable (RF)
2026-10-01 14:15:12,Diversity / RF 1Mbps / interval BER,No checked bits,No checked bits,No checked bits,0.000E+0,Unavailable,Unavailable,Unavailable (RF),Unavailable (RF),Unavailable (RF)
2026-10-01 14:15:13,Diversity / RF 1Mbps / interval BER,No checked bits,No checked bits,No checked bits,0.000E+0,Unavailable,Unavailable,Unavailable (RF),Unavailable (RF),Unavailable (RF)
2026-10-01 14:15:14,Diversity / RF 1Mbps / interval BER,No checked bits,No checked bits,No checked bits,0.000E+0,Unavailable,Unavailable,Unavailable (RF),Unavailable (RF),Unavailable (RF)
2026-10-01 14:15:15,Diversity / RF 1Mbps / interval BER,No checked bits,No checked bits,No checked bits,0.000E+0,Unavailable,Unavailable,Unavailable (RF),Unavailable (RF),Unavailable (RF)
2026-10-01 14:15:16,Diversity / RF 1Mbps / interval BER,No checked bits,No checked bits,No checked bits,0.000E+0,Unavailable,Unavailable,Unavailable (RF),Unavailable (RF),Unavailable (RF)
2026-10-01 14:15:17,Diversity / RF 1Mbps / interval BER,No checked bits,No checked bits,No checked bits,0.000E+0,Unavailable,Unavailable,Unavailable (RF),Unavailable (RF),Unavailable (RF)
2026-10-01 14:15:18,Diversity / RF 1Mbps / interval BER,No checked bits,No checked bits,No checked bits,0.000E+0,Unavailable,Unavailable,Unavailable (RF),Unavailable (RF),Unavailable (RF)
2026-10-01 14:15:19,Diversity / RF 1Mbps / interval BER,No checked bits,No checked bits,No checked bits,0.000E+0,Unavailable,Unavailable,Unavailable (RF),Unavailable (RF),Unavailable (RF)
2026-10-01 14:15:20,Diversity / RF 1Mbps / interval BER,No checked bits,No checked bits,No checked bits,0.000E+0,Unavailable,Unavailable,Unavailable (RF),Unavailable (RF),Unavailable (RF)
2026-10-01 14:15:21,Diversity / RF 1Mbps / interval BER,No checked bits,No checked bits,No checked bits,0.000E+0,Unavailable,Unavailable,Unavailable (RF),Unavailable (RF),Unavailable (RF)
2026-10-01 14:15:22,Diversity / RF 1Mbps / interval BER,No checked bits,No checked bits,No checked bits,0.000E+0,Unavailable,Unavailable,Unavailable (RF),Unavailable (RF),Unavailable (RF)
2026-10-01 14:15:23,Diversity / RF 1Mbps / interval BER,No checked bits,No checked bits,No checked bits,0.000E+0,Unavailable,Unavailable,Unavailable (RF),Unavailable (RF),Unavailable (RF)
2026-10-01 14:15:24,Diversity / RF 1Mbps / interval BER,No checked bits,No checked bits,No checked bits,0.000E+0,Unavailable,Unavailable,Unavailable (RF),Unavailable (RF),Unavailable (RF)
2026-10-01 14:15:25,Diversity / RF 1Mbps / interval BER,No checked bits,No checked bits,No checked bits,0.000E+0,Unavailable,Unavailable,Unavailable (RF),Unavailable (RF),Unavailable (RF)
2026-10-01 14:15:26,Diversity / RF 1Mbps / interval BER,No checked bits,No checked bits,No checked bits,0.000E+0,Unavailable,Unavailable,Unavailable (RF),Unavailable (RF),Unavailable (RF)
2026-10-01 14:15:27,Diversity / RF 1Mbps / interval BER,No checked bits,No checked bits,No checked bits,0.000E+0,Unavailable,Unavailable,Unavailable (RF),Unavailable (RF),Unavailable (RF)
2026-10-01 14:15:28,Diversity / RF 1Mbps / interval BER,No checked bits,No checked bits,No checked bits,0.000E+0,Unavailable,Unavailable,Unavailable (RF),Unavailable (RF),Unavailable (RF)
2026-10-01 14:15:29,Diversity / RX1 / interval BER,1.249E-01,No checked bits,1.249E-01,N/A,33.055,0.000,1.245E-01,33.054887,0.000000
2026-10-01 14:15:30,Diversity / RX1 / interval BER,1.248E-01,No checked bits,1.248E-01,N/A,50.000,0.000,1.238E-01,50.000000,0.000000
2026-10-01 14:15:31,Diversity / RX1 / interval BER,1.249E-01,No checked bits,1.249E-01,N/A,50.000,0.000,1.238E-01,50.000000,0.000000
2026-10-01 14:15:32,Diversity / RX1 / interval BER,1.232E-01,No checked bits,1.232E-01,N/A,50.000,0.000,1.105E-01,50.000000,0.000000
2026-10-01 14:15:33,Diversity / RX1 / interval BER,1.130E-01,No checked bits,1.130E-01,N/A,50.000,0.000,1.070E-01,50.000001,0.000000
2026-10-01 14:15:34,Diversity / RX1 / interval BER,7.017E-02,No checked bits,7.017E-02,N/A,50.000,0.000,4.520E-02,49.999999,0.000000
2026-10-01 14:15:35,Diversity / RX1 / interval BER,3.996E-02,No checked bits,3.996E-02,N/A,50.000,0.000,2.391E-02,50.000000,0.000000
2026-10-01 14:15:36,Diversity / RX1 / interval BER,9.423E-03,No checked bits,9.423E-03,N/A,50.000,0.000,4.238E-03,50.000000,0.000000
2026-10-01 14:15:37,Diversity / RX1 / interval BER,5.431E-05,No checked bits,5.431E-05,N/A,50.000,0.000,4.829E-05,50.000000,0.000000
2026-10-01 14:15:38,Diversity / RX1 / interval BER,1.493E-05,No checked bits,1.493E-05,N/A,50.000,0.000,7.881E-06,50.000001,0.000000
2026-10-01 14:15:39,Diversity / RX1 / interval BER,4.531E-06,No checked bits,4.531E-06,N/A,50.000,0.000,1.581E-06,49.999999,0.000000
2026-10-01 14:15:40,Diversity / RX1 / interval BER,1.037E-06,No checked bits,1.037E-06,N/A,50.000,0.000,7.475E-07,50.000001,0.000000
2026-10-01 14:15:41,Diversity / RX1 / interval BER,5.994E-08,No checked bits,5.994E-08,N/A,50.000,0.000,1.170E-07,49.999999,0.000000
2026-10-01 14:15:42,Diversity / RX1 / interval BER,8.089E-08,No checked bits,8.089E-08,N/A,50.000,0.000,0.000E+00,50.000000,0.000000
2026-10-01 14:15:43,Diversity / RX1 / interval BER,0.000E+00,No checked bits,0.000E+00,N/A,50.000,0.000,0.000E+00,50.000000,0.000000
2026-10-01 14:15:44,Diversity / RX1 / interval BER,0.000E+00,No checked bits,0.000E+00,N/A,50.000,0.000,0.000E+00,50.000001,0.000000
2026-10-01 14:15:45,Diversity / RX1 / interval BER,0.000E+00,No checked bits,0.000E+00,N/A,50.000,0.000,0.000E+00,50.000000,0.000000
2026-10-01 14:15:46,Diversity / RX1 / interval BER,0.000E+00,No checked bits,0.000E+00,N/A,50.000,0.000,0.000E+00,50.000000,0.000000
2026-10-01 14:15:47,Diversity / RX1 / interval BER,0.000E+00,No checked bits,0.000E+00,N/A,50.000,0.000,0.000E+00,49.999999,0.000000
2026-10-01 14:15:48,Diversity / RX1 / interval BER,0.000E+00,No checked bits,0.000E+00,N/A,50.000,0.000,0.000E+00,50.000000,0.000000
2026-10-01 14:15:49,Diversity / RX1 / interval BER,0.000E+00,No checked bits,0.000E+00,N/A,50.000,0.000,0.000E+00,50.000000,0.000000
2026-10-01 14:15:50,Diversity / RX1 / interval BER,0.000E+00,No checked bits,0.000E+00,N/A,50.000,0.000,0.000E+00,50.000001,0.000000
2026-10-01 14:15:51,Diversity / RX1 / interval BER,0.000E+00,No checked bits,0.000E+00,N/A,50.000,0.000,0.000E+00,49.999999,0.000000
2026-10-01 14:15:52,Diversity / RX1 / interval BER,0.000E+00,No checked bits,0.000E+00,N/A,50.000,0.000,0.000E+00,50.000001,0.000000
2026-10-01 14:15:53,Diversity / RX1 / interval BER,0.000E+00,No checked bits,0.000E+00,N/A,50.000,0.000,0.000E+00,49.999999,0.000000
2026-10-01 14:15:54,Diversity / RX1 / interval BER,0.000E+00,No checked bits,0.000E+00,N/A,50.000,0.000,0.000E+00,50.000000,0.000000
2026-10-01 14:15:55,Diversity / RX1 / interval BER,0.000E+00,No checked bits,0.000E+00,N/A,50.000,0.000,0.000E+00,50.000000,0.000000
2026-10-01 14:15:56,Diversity / RX1 / interval BER,0.000E+00,No checked bits,0.000E+00,N/A,50.000,0.000,0.000E+00,50.000000,0.000000
2026-10-01 14:15:57,Diversity / RX1 / interval BER,0.000E+00,No checked bits,0.000E+00,N/A,50.000,0.000,0.000E+00,50.000000,0.000000
2026-10-01 14:15:58,Diversity / RX1 / interval BER,0.000E+00,No checked bits,0.000E+00,N/A,50.000,0.000,0.000E+00,50.000000,0.000000
2026-10-01 14:15:59,Diversity / RX1 / interval BER,0.000E+00,No checked bits,0.000E+00,N/A,50.000,0.000,0.000E+00,50.000000,0.000000
2026-10-01 14:16:00,Diversity / RX1 / interval BER,0.000E+00,No checked bits,0.000E+00,N/A,50.000,0.000,0.000E+00,50.000000,0.000000
2026-10-01 14:16:01,Diversity / RX1 / interval BER,0.000E+00,No checked bits,0.000E+00,N/A,50.000,0.000,0.000E+00,50.000000,0.000000
2026-10-01 14:16:02,Diversity / RX1 / interval BER,0.000E+00,No checked bits,0.000E+00,N/A,50.000,0.000,0.000E+00,50.000000,0.000000
2026-10-01 14:16:03,Diversity / RX1 / interval BER,0.000E+00,No checked bits,0.000E+00,N/A,50.000,0.000,0.000E+00,50.000000,0.000000
2026-10-01 14:16:04,Diversity / RX1 / interval BER,0.000E+00,No checked bits,0.000E+00,N/A,50.000,0.000,0.000E+00,50.000000,0.000000
2026-10-01 14:16:05,Diversity / RX1 / interval BER,0.000E+00,No checked bits,0.000E+00,N/A,50.000,0.000,0.000E+00,50.000000,0.000000
2026-10-01 14:16:06,Diversity / RX1 / interval BER,0.000E+00,No checked bits,0.000E+00,N/A,50.000,0.000,0.000E+00,50.000000,0.000000
2026-10-01 14:16:07,Diversity / RX1 / interval BER,0.000E+00,No checked bits,0.000E+00,N/A,50.000,0.000,0.000E+00,50.000000,0.000000
2026-10-01 14:16:08,Diversity / RX1 / interval BER,0.000E+00,No checked bits,0.000E+00,N/A,50.000,0.000,0.000E+00,50.000000,0.000000
2026-10-01 14:16:09,Diversity / RX1 / interval BER,0.000E+00,No checked bits,0.000E+00,N/A,50.000,0.000,0.000E+00,50.000000,0.000000
2026-10-01 14:16:10,Diversity / RX1 / interval BER,0.000E+00,No checked bits,0.000E+00,N/A,50.000,0.000,0.000E+00,50.000000,0.000000
2026-10-01 14:16:11,Diversity / RX1 / interval BER,0.000E+00,No checked bits,0.000E+00,N/A,50.000,0.000,0.000E+00,50.000000,0.000000
2026-10-01 14:16:12,Diversity / RX1 / interval BER,0.000E+00,No checked bits,0.000E+00,N/A,50.000,0.000,0.000E+00,49.999999,0.000000
2026-10-01 14:16:13,Diversity / RX1 / interval BER,0.000E+00,No checked bits,0.000E+00,N/A,50.000,0.000,0.000E+00,50.000000,0.000000
2026-10-01 14:16:14,Diversity / RX1 / interval BER,0.000E+00,No checked bits,0.000E+00,N/A,50.000,0.000,0.000E+00,50.000000,0.000000
2026-10-01 14:16:15,Diversity / RX1 / interval BER,0.000E+00,No checked bits,0.000E+00,N/A,50.000,0.000,0.000E+00,50.000000,0.000000
2026-10-01 14:16:16,Diversity / RX1 / interval BER,0.000E+00,No checked bits,0.000E+00,N/A,50.000,0.000,0.000E+00,50.000000,0.000000
2026-10-01 14:16:17,Diversity / RX1 / interval BER,0.000E+00,No checked bits,0.000E+00,N/A,50.000,0.000,0.000E+00,50.000000,0.000000
2026-10-01 14:16:18,Diversity / RX1 / interval BER,0.000E+00,No checked bits,0.000E+00,N/A,50.000,0.000,0.000E+00,50.000000,0.000000
2026-10-01 14:16:19,Diversity / RX1 / interval BER,0.000E+00,No checked bits,0.000E+00,N/A,50.000,0.000,0.000E+00,50.000000,0.000000
2026-10-01 14:16:20,Diversity / RX1 / interval BER,0.000E+00,No checked bits,0.000E+00,N/A,50.000,0.000,0.000E+00,50.000000,0.000000
2026-10-01 14:16:21,Diversity / RX1 / interval BER,0.000E+00,No checked bits,0.000E+00,N/A,50.000,0.000,0.000E+00,50.000000,0.000000
2026-10-01 14:16:22,Diversity / RX1 / interval BER,0.000E+00,No checked bits,0.000E+00,N/A,50.000,0.000,0.000E+00,50.000000,0.000000
2026-10-01 14:16:23,Diversity / RX1 / interval BER,0.000E+00,No checked bits,0.000E+00,N/A,50.000,0.000,0.000E+00,50.000000,0.000000
2026-10-01 14:16:24,Diversity / RX1 / interval BER,0.000E+00,No checked bits,0.000E+00,N/A,50.000,0.000,0.000E+00,50.000001,0.000000
2026-10-01 14:16:25,Diversity / RX1 / interval BER,0.000E+00,No checked bits,0.000E+00,N/A,50.000,0.000,0.000E+00,50.000000,0.000000
2026-10-01 14:16:26,Diversity / RX1 / interval BER,0.000E+00,0.000E+00,0.000E+00,N/A,50.000,0.000,0.000E+00,50.000000,0.000000
2026-10-01 14:16:27,Diversity / RX1 / interval BER,0.000E+00,0.000E+00,0.000E+00,N/A,50.000,0.000,0.000E+00,50.000000,0.000000
2026-10-01 14:16:28,Diversity / RX1 / interval BER,0.000E+00,0.000E+00,0.000E+00,N/A,50.000,0.000,0.000E+00,50.000000,0.000000
2026-10-01 14:16:29,Diversity / RX1 / interval BER,0.000E+00,0.000E+00,0.000E+00,N/A,50.000,0.000,0.000E+00,49.999999,0.000000
2026-10-01 14:16:30,Diversity / RX1 / interval BER,0.000E+00,0.000E+00,0.000E+00,N/A,50.000,0.000,0.000E+00,50.000001,0.000000
2026-10-01 14:16:31,Diversity / RX1 / interval BER,0.000E+00,0.000E+00,0.000E+00,N/A,50.000,0.000,0.000E+00,50.000000,0.000000
2026-10-01 14:16:32,Diversity / RX1 / interval BER,0.000E+00,1.687E-01,5.358E-02,N/A,50.000,48.784,0.000E+00,49.999999,0.000000
2026-10-01 14:16:33,Diversity / RX1 / interval BER,0.000E+00,1.460E-01,6.733E-02,N/A,50.000,50.000,0.000E+00,50.000000,0.000000
2026-10-01 14:16:34,Diversity / RX1 / interval BER,0.000E+00,1.309E-01,6.394E-02,N/A,50.000,50.000,0.000E+00,50.000000,0.000000
2026-10-01 14:16:35,Diversity / RX1 / interval BER,0.000E+00,1.443E-01,6.696E-02,N/A,50.000,50.000,0.000E+00,50.000000,0.000000
2026-10-01 14:16:36,Diversity / RX1 / interval BER,0.000E+00,2.224E-01,7.997E-02,N/A,50.000,50.000,0.000E+00,50.000000,0.000000
2026-10-01 14:16:37,Diversity / RX1 / interval BER,0.000E+00,2.021E-01,7.713E-02,N/A,50.000,50.000,0.000E+00,50.000000,0.000000
2026-10-01 14:16:38,Diversity / RX1 / interval BER,0.000E+00,1.442E-01,6.530E-02,N/A,50.000,50.000,0.000E+00,50.000000,0.000000
2026-10-01 14:16:39,Diversity / RX1 / interval BER,0.000E+00,1.013E-01,4.480E-02,N/A,50.000,50.000,0.000E+00,50.000000,0.000000
2026-10-01 14:16:40,Diversity / RX1 / interval BER,0.000E+00,1.068E-01,4.911E-02,N/A,50.000,50.000,0.000E+00,50.000000,0.000000
2026-10-01 14:16:41,Diversity / RX1 / interval BER,0.000E+00,8.873E-02,4.180E-02,N/A,50.000,50.000,0.000E+00,50.000000,0.000000
2026-10-01 14:16:42,Diversity / RX1 / interval BER,0.000E+00,4.107E-02,1.751E-02,N/A,50.000,50.000,0.000E+00,50.000000,0.000000
2026-10-01 14:16:43,Diversity / RX1 / interval BER,0.000E+00,2.617E-02,1.085E-02,N/A,50.000,50.000,0.000E+00,50.000000,0.000000
2026-10-01 14:16:44,Diversity / RX1 / interval BER,0.000E+00,1.381E-02,5.505E-03,N/A,50.000,50.000,0.000E+00,49.999999,0.000000
2026-10-01 14:16:45,Diversity / RX1 / interval BER,0.000E+00,8.252E-03,3.531E-03,N/A,50.000,50.000,0.000E+00,50.000000,0.000000
2026-10-01 14:16:46,Diversity / RX1 / interval BER,0.000E+00,5.398E-04,2.303E-04,N/A,50.000,50.000,0.000E+00,50.000000,0.000000
2026-10-01 14:16:47,Diversity / RX1 / interval BER,0.000E+00,4.571E-04,2.176E-04,N/A,50.000,50.000,0.000E+00,50.000000,0.000000
2026-10-01 14:16:48,Diversity / RX1 / interval BER,0.000E+00,1.426E-03,6.063E-04,N/A,50.000,50.000,0.000E+00,50.000000,0.000000
2026-10-01 14:16:49,Diversity / RX1 / interval BER,0.000E+00,7.252E-04,3.149E-04,N/A,50.000,50.000,0.000E+00,49.999999,0.000000
2026-10-01 14:16:50,Diversity / RX1 / interval BER,0.000E+00,2.273E-04,9.410E-05,N/A,50.000,50.000,0.000E+00,50.000001,0.000000
2026-10-01 14:16:51,Diversity / RX1 / interval BER,0.000E+00,5.323E-05,2.335E-05,N/A,50.000,50.000,0.000E+00,50.000000,0.000000
2026-10-01 14:16:52,Diversity / RX1 / interval BER,0.000E+00,4.647E-05,1.987E-05,N/A,50.000,50.000,0.000E+00,50.000000,0.000000
2026-10-01 14:16:53,Diversity / RX1 / interval BER,0.000E+00,2.148E-05,9.173E-06,N/A,50.000,50.000,0.000E+00,50.000000,0.000000
2026-10-01 14:16:54,Diversity / RX1 / interval BER,0.000E+00,3.905E-05,1.588E-05,N/A,50.000,50.000,0.000E+00,50.000000,0.000000
2026-10-01 14:16:55,Diversity / RX1 / interval BER,0.000E+00,8.724E-05,3.736E-05,N/A,50.000,50.000,0.000E+00,50.000000,0.000000
2026-10-01 14:16:56,Diversity / RX1 / interval BER,0.000E+00,3.266E-05,1.445E-05,N/A,50.000,50.000,0.000E+00,50.000000,0.000000
2026-10-01 14:16:57,Diversity / RX1 / interval BER,0.000E+00,2.479E-06,1.106E-06,N/A,50.000,50.000,0.000E+00,50.000000,0.000000
2026-10-01 14:16:58,Diversity / RX1 / interval BER,0.000E+00,2.929E-06,1.446E-06,N/A,50.000,50.000,0.000E+00,50.000000,0.000000
2026-10-01 14:16:59,Diversity / RX1 / interval BER,0.000E+00,2.919E-06,1.303E-06,N/A,50.000,50.000,0.000E+00,50.000000,0.000000
2026-10-01 14:17:00,Diversity / RX1 / interval BER,0.000E+00,2.377E-06,1.081E-06,N/A,50.000,50.000,0.000E+00,50.000000,0.000000
2026-10-01 14:17:01,Diversity / RX1 / interval BER,0.000E+00,2.616E-06,1.200E-06,N/A,50.000,50.000,0.000E+00,50.000000,0.000000
2026-10-01 14:17:02,Diversity / RX1 / interval BER,0.000E+00,5.203E-06,2.261E-06,N/A,50.000,50.000,0.000E+00,50.000000,0.000000
2026-10-01 14:17:03,Diversity / RX1 / interval BER,0.000E+00,1.017E-05,4.110E-06,N/A,50.000,50.000,0.000E+00,50.000000,0.000000
2026-10-01 14:17:04,Diversity / RX1 / interval BER,0.000E+00,1.705E-06,7.375E-07,N/A,50.000,50.000,0.000E+00,50.000000,0.000000
2026-10-01 14:17:05,Diversity / RX1 / interval BER,0.000E+00,8.558E-07,4.078E-07,N/A,50.000,50.000,0.000E+00,50.000000,0.000000
2026-10-01 14:17:06,Diversity / RX1 / interval BER,0.000E+00,2.486E-07,1.108E-07,N/A,50.000,50.000,0.000E+00,50.000001,0.000000
2026-10-01 14:17:07,Diversity / RX1 / interval BER,0.000E+00,8.488E-08,4.106E-08,N/A,50.000,50.000,0.000E+00,50.000000,0.000000
2026-10-01 14:17:08,Diversity / RX1 / interval BER,0.000E+00,0.000E+00,0.000E+00,N/A,50.000,50.000,0.000E+00,49.999999,0.000000
2026-10-01 14:17:09,Diversity / RX1 / interval BER,0.000E+00,0.000E+00,0.000E+00,N/A,50.000,50.000,0.000E+00,50.000000,0.000000
2026-10-01 14:17:10,Diversity / RX1 / interval BER,0.000E+00,0.000E+00,0.000E+00,N/A,50.000,50.000,0.000E+00,50.000000,0.000000
2026-10-01 14:17:11,Diversity / RX1 / interval BER,0.000E+00,3.463E-07,1.546E-07,N/A,50.000,50.000,0.000E+00,50.000000,0.000000
2026-10-01 14:17:12,Diversity / RX1 / interval BER,0.000E+00,5.519E-07,2.317E-07,N/A,50.000,50.000,0.000E+00,50.000001,0.000000
2026-10-01 14:17:13,Diversity / RX1 / interval BER,0.000E+00,1.846E-06,7.883E-07,N/A,50.000,50.000,0.000E+00,49.999999,0.000000
2026-10-01 14:17:14,Diversity / RX1 / interval BER,0.000E+00,4.270E-06,1.916E-06,N/A,50.000,50.000,0.000E+00,50.000001,0.000000
2026-10-01 14:17:15,Diversity / RX1 / interval BER,0.000E+00,1.352E-05,6.299E-06,N/A,50.000,50.000,0.000E+00,50.000000,0.000000
2026-10-01 14:17:16,Diversity / RX1 / interval BER,0.000E+00,3.415E-05,1.483E-05,N/A,50.000,50.000,0.000E+00,50.000000,0.000000
2026-10-01 14:17:17,Diversity / RX1 / interval BER,0.000E+00,5.306E-05,2.300E-05,N/A,50.000,50.000,0.000E+00,50.000000,0.000000
2026-10-01 14:17:18,Diversity / RX1 / interval BER,0.000E+00,4.934E-05,1.922E-05,N/A,50.000,50.000,0.000E+00,49.999999,0.000000
2026-10-01 14:17:19,Diversity / RX1 / interval BER,0.000E+00,3.510E-05,1.565E-05,N/A,50.000,50.000,0.000E+00,50.000000,0.000000
2026-10-01 14:17:20,Diversity / RX1 / interval BER,0.000E+00,6.464E-05,2.986E-05,N/A,50.000,50.000,0.000E+00,50.000001,0.000000
2026-10-01 14:17:21,Diversity / RX1 / interval BER,0.000E+00,9.624E-05,4.359E-05,N/A,50.000,50.000,0.000E+00,49.999999,0.000000
2026-10-01 14:17:22,Diversity / RX1 / interval BER,0.000E+00,2.370E-04,8.738E-05,N/A,50.000,50.000,0.000E+00,50.000000,0.000000
2026-10-01 14:17:23,Diversity / RX1 / interval BER,0.000E+00,1.716E-05,7.451E-06,N/A,50.000,50.000,0.000E+00,50.000000,0.000000
2026-10-01 14:17:24,Diversity / RX1 / interval BER,0.000E+00,1.437E-05,6.231E-06,N/A,50.000,50.000,0.000E+00,50.000000,0.000000
2026-10-01 14:17:25,Diversity / RX1 / interval BER,0.000E+00,6.437E-06,2.915E-06,N/A,50.000,50.000,0.000E+00,50.000000,0.000000
2026-10-01 14:17:26,Diversity / RX1 / interval BER,0.000E+00,3.876E-06,1.633E-06,N/A,50.000,50.000,0.000E+00,50.000000,0.000000
2026-10-01 14:17:27,Diversity / RX1 / interval BER,0.000E+00,1.073E-06,4.741E-07,N/A,50.000,50.000,0.000E+00,50.000000,0.000000
2026-10-01 14:17:28,Diversity / RX1 / interval BER,0.000E+00,6.411E-07,2.457E-07,N/A,50.000,50.000,0.000E+00,50.000001,0.000000
2026-10-01 14:17:29,Diversity / RX1 / interval BER,0.000E+00,1.273E-06,5.597E-07,N/A,50.000,50.000,0.000E+00,50.000000,0.000000
2026-10-01 14:17:30,Diversity / RX1 / interval BER,0.000E+00,8.996E-07,4.288E-07,N/A,50.000,50.000,0.000E+00,50.000000,0.000000
2026-10-01 14:17:31,Diversity / RX1 / interval BER,0.000E+00,1.791E-06,8.218E-07,N/A,50.000,50.000,0.000E+00,50.000000,0.000000
2026-10-01 14:17:32,Diversity / RX1 / interval BER,0.000E+00,2.842E-07,1.302E-07,N/A,50.000,50.000,0.000E+00,49.999999,0.000000
2026-10-01 14:17:33,Diversity / RX1 / interval BER,0.000E+00,1.565E-07,6.785E-08,N/A,50.000,50.000,0.000E+00,50.000000,0.000000
2026-10-01 14:17:34,Diversity / RX1 / interval BER,0.000E+00,3.111E-08,1.215E-08,N/A,50.000,50.000,0.000E+00,50.000000,0.000000
2026-10-01 14:17:35,Diversity / RX1 / interval BER,0.000E+00,0.000E+00,0.000E+00,N/A,50.000,50.000,0.000E+00,49.999999,0.000000
2026-10-01 14:17:36,Diversity / RX1 / interval BER,0.000E+00,1.212E-07,4.817E-08,N/A,50.000,50.000,0.000E+00,50.000000,0.000000
2026-10-01 14:17:37,Diversity / RX1 / interval BER,0.000E+00,1.107E-07,4.641E-08,N/A,50.000,50.000,0.000E+00,50.000000,0.000000
2026-10-01 14:17:38,Diversity / RX1 / interval BER,0.000E+00,8.984E-08,3.587E-08,N/A,50.000,50.000,0.000E+00,50.000000,0.000000
2026-10-01 14:17:39,Diversity / RX1 / interval BER,0.000E+00,3.127E-07,1.528E-07,N/A,50.000,50.000,0.000E+00,50.000000,0.000000
2026-10-01 14:17:40,Diversity / RX1 / interval BER,0.000E+00,4.385E-07,2.048E-07,N/A,50.000,50.000,0.000E+00,50.000001,0.000000
2026-10-01 14:17:41,Diversity / RX1 / interval BER,0.000E+00,1.168E-06,5.141E-07,N/A,50.000,50.000,0.000E+00,50.000000,0.000000
2026-10-01 14:17:42,Diversity / RX1 / interval BER,0.000E+00,3.411E-08,3.372E-08,N/A,50.000,50.000,0.000E+00,50.000000,0.000000
2026-10-01 14:17:43,Diversity / RX1 / interval BER,0.000E+00,2.604E-06,1.108E-06,N/A,50.000,50.000,0.000E+00,50.000000,0.000000
2026-10-01 14:17:44,Diversity / RX1 / interval BER,0.000E+00,3.815E-06,1.800E-06,N/A,50.000,50.000,0.000E+00,50.000000,0.000000
2026-10-01 14:17:45,Diversity / RX1 / interval BER,0.000E+00,3.324E-06,1.555E-06,N/A,50.000,50.000,0.000E+00,50.000000,0.000000
2026-10-01 14:17:46,Diversity / RX1 / interval BER,0.000E+00,4.074E-06,1.425E-06,N/A,50.000,50.000,0.000E+00,50.000000,0.000000
2026-10-01 14:17:47,Diversity / RX1 / interval BER,0.000E+00,2.097E-06,9.113E-07,N/A,50.000,50.000,0.000E+00,50.000000,0.000000
2026-10-01 14:17:48,Diversity / RX1 / interval BER,0.000E+00,2.595E-06,1.180E-06,N/A,50.000,50.000,0.000E+00,50.000000,0.000000
2026-10-01 14:17:49,Diversity / RX1 / interval BER,0.000E+00,1.690E-06,7.209E-07,N/A,50.000,50.000,0.000E+00,50.000001,0.000000
2026-10-01 14:17:50,Diversity / RX1 / interval BER,0.000E+00,7.390E-07,3.111E-07,N/A,50.000,50.000,0.000E+00,50.000000,0.000000
2026-10-01 14:17:51,Diversity / RX1 / interval BER,0.000E+00,1.560E-07,6.087E-08,N/A,50.000,50.000,0.000E+00,50.000000,0.000000
2026-10-01 14:17:52,Diversity / RX1 / interval BER,0.000E+00,0.000E+00,0.000E+00,N/A,50.000,50.000,0.000E+00,49.999999,0.000000
2026-10-01 14:17:53,Diversity / RX1 / interval BER,0.000E+00,0.000E+00,0.000E+00,N/A,50.000,50.000,0.000E+00,50.000001,0.000000
2026-10-01 14:17:54,Diversity / RX1 / interval BER,0.000E+00,4.810E-08,2.180E-08,N/A,50.000,50.000,0.000E+00,50.000000,0.000000
2026-10-01 14:17:55,Diversity / RX1 / interval BER,0.000E+00,0.000E+00,0.000E+00,N/A,50.000,50.000,0.000E+00,50.000000,0.000000
2026-10-01 14:17:56,Diversity / RX1 / interval BER,0.000E+00,0.000E+00,0.000E+00,N/A,50.000,50.000,0.000E+00,50.000000,0.000000
2026-10-01 14:17:57,Diversity / RX1 / interval BER,0.000E+00,0.000E+00,0.000E+00,N/A,50.000,50.000,0.000E+00,50.000000,0.000000
2026-10-01 14:17:58,Diversity / RX1 / interval BER,0.000E+00,0.000E+00,0.000E+00,N/A,50.000,50.000,0.000E+00,50.000000,0.000000
2026-10-01 14:17:59,Diversity / RX1 / interval BER,0.000E+00,0.000E+00,0.000E+00,N/A,50.000,50.000,0.000E+00,50.000000,0.000000
2026-10-01 14:18:00,Diversity / RX1 / interval BER,0.000E+00,0.000E+00,0.000E+00,N/A,50.000,50.000,0.000E+00,50.000000,0.000000
2026-10-01 14:18:01,Diversity / RX1 / interval BER,0.000E+00,0.000E+00,0.000E+00,N/A,50.000,50.000,0.000E+00,50.000000,0.000000
2026-10-01 14:18:02,Diversity / RX1 / interval BER,0.000E+00,0.000E+00,0.000E+00,N/A,50.000,50.000,0.000E+00,50.000001,0.000000
2026-10-01 14:18:03,Diversity / RX1 / interval BER,0.000E+00,0.000E+00,0.000E+00,N/A,50.000,50.000,0.000E+00,50.000000,0.000000
2026-10-01 14:18:04,Diversity / RX1 / interval BER,0.000E+00,0.000E+00,0.000E+00,N/A,50.000,50.000,0.000E+00,49.999999,0.000000
2026-10-01 14:18:05,Diversity / RX1 / interval BER,0.000E+00,0.000E+00,0.000E+00,N/A,50.000,50.000,0.000E+00,50.000001,0.000000
2026-10-01 14:18:06,Diversity / RX1 / interval BER,0.000E+00,2.131E-08,1.030E-08,N/A,50.000,50.000,0.000E+00,50.000000,0.000000
2026-10-01 14:18:07,Diversity / RX1 / interval BER,0.000E+00,1.145E-07,5.329E-08,N/A,50.000,50.000,0.000E+00,50.000000,0.000000
2026-10-01 14:18:08,Diversity / RX1 / interval BER,0.000E+00,6.723E-08,3.167E-08,N/A,50.000,50.000,0.000E+00,50.000000,0.000000
2026-10-01 14:18:09,Diversity / RX1 / interval BER,0.000E+00,4.692E-08,2.156E-08,N/A,50.000,50.000,0.000E+00,50.000000,0.000000
2026-10-01 14:18:10,Diversity / RX1 / interval BER,0.000E+00,2.842E-08,1.172E-08,N/A,50.000,50.000,0.000E+00,50.000000,0.000000
2026-10-01 14:18:11,Diversity / RX1 / interval BER,0.000E+00,1.633E-07,6.974E-08,N/A,50.000,50.000,0.000E+00,50.000000,0.000000
2026-10-01 14:18:12,Diversity / RX1 / interval BER,0.000E+00,1.433E-06,6.328E-07,N/A,50.000,50.000,0.000E+00,50.000000,0.000000
2026-10-01 14:18:13,Diversity / RX1 / interval BER,0.000E+00,1.427E-06,6.002E-07,N/A,50.000,50.000,0.000E+00,50.000001,0.000000
2026-10-01 14:18:14,Diversity / RX1 / interval BER,0.000E+00,1.471E-06,6.283E-07,N/A,50.000,50.000,0.000E+00,50.000000,0.000000
2026-10-01 14:18:15,Diversity / RX1 / interval BER,0.000E+00,5.951E-07,2.655E-07,N/A,50.000,50.000,0.000E+00,50.000001,0.000000
2026-10-01 14:18:16,Diversity / RX1 / interval BER,0.000E+00,3.244E-07,1.453E-07,N/A,50.000,50.000,0.000E+00,49.999999,0.000000
2026-10-01 14:18:17,Diversity / RX1 / interval BER,0.000E+00,0.000E+00,0.000E+00,N/A,50.000,50.000,0.000E+00,50.000000,0.000000
2026-10-01 14:18:18,Diversity / RX1 / interval BER,0.000E+00,2.417E-08,1.094E-08,N/A,50.000,50.000,0.000E+00,50.000000,0.000000
2026-10-01 14:18:19,Diversity / RX1 / interval BER,0.000E+00,0.000E+00,0.000E+00,N/A,50.000,50.000,0.000E+00,50.000001,0.000000
2026-10-01 14:18:20,Diversity / RX1 / interval BER,0.000E+00,0.000E+00,0.000E+00,N/A,50.000,50.000,0.000E+00,49.999999,0.000000
2026-10-01 14:18:21,Diversity / RX1 / interval BER,0.000E+00,0.000E+00,0.000E+00,N/A,50.000,50.000,0.000E+00,50.000001,0.000000
2026-10-01 14:18:22,Diversity / RX1 / interval BER,0.000E+00,0.000E+00,0.000E+00,N/A,50.000,50.000,0.000E+00,49.999999,0.000000
2026-10-01 14:18:23,Diversity / RX1 / interval BER,0.000E+00,0.000E+00,0.000E+00,N/A,50.000,50.000,0.000E+00,50.000000,0.000000
2026-10-01 14:18:24,Diversity / RX1 / interval BER,0.000E+00,0.000E+00,0.000E+00,N/A,50.000,50.000,0.000E+00,50.000000,0.000000
2026-10-01 14:18:25,Diversity / RX1 / interval BER,0.000E+00,0.000E+00,0.000E+00,N/A,50.000,50.000,0.000E+00,50.000001,0.000000
2026-10-01 14:18:26,Diversity / RX1 / interval BER,0.000E+00,0.000E+00,0.000E+00,N/A,50.000,50.000,0.000E+00,50.000000,0.000000
2026-10-01 14:18:27,Diversity / RX1 / interval BER,0.000E+00,0.000E+00,0.000E+00,N/A,50.000,50.000,0.000E+00,49.999999,0.000000
2026-10-01 14:18:28,Diversity / RX1 / interval BER,0.000E+00,0.000E+00,0.000E+00,N/A,50.000,50.000,0.000E+00,50.000000,0.000000
2026-10-01 14:18:29,Diversity / RX1 / interval BER,0.000E+00,0.000E+00,0.000E+00,N/A,50.000,50.000,0.000E+00,50.000000,0.000000
2026-10-01 14:18:30,Diversity / RX1 / interval BER,0.000E+00,0.000E+00,0.000E+00,N/A,50.000,50.000,0.000E+00,50.000000,0.000000
2026-10-01 14:18:31,Diversity / RX1 / interval BER,0.000E+00,0.000E+00,0.000E+00,N/A,50.000,50.000,0.000E+00,50.000000,0.000000
2026-10-01 14:18:32,Diversity / RX1 / interval BER,0.000E+00,0.000E+00,0.000E+00,N/A,50.000,50.000,0.000E+00,50.000000,0.000000
2026-10-01 14:18:33,Diversity / RX1 / interval BER,0.000E+00,0.000E+00,0.000E+00,N/A,50.000,50.000,0.000E+00,50.000001,0.000000
2026-10-01 14:18:34,Diversity / RX1 / interval BER,0.000E+00,0.000E+00,0.000E+00,N/A,50.000,50.000,0.000E+00,50.000000,0.000000
2026-10-01 14:18:35,Diversity / RX1 / interval BER,0.000E+00,0.000E+00,0.000E+00,N/A,50.000,50.000,0.000E+00,50.000000,0.000000
2026-10-01 14:18:36,Diversity / RX1 / interval BER,0.000E+00,0.000E+00,0.000E+00,N/A,50.000,50.000,0.000E+00,50.000000,0.000000
2026-10-01 14:18:37,Diversity / RX1 / interval BER,0.000E+00,0.000E+00,0.000E+00,N/A,50.000,50.000,0.000E+00,50.000000,0.000000
2026-10-01 14:18:38,Diversity / RX1 / interval BER,0.000E+00,0.000E+00,0.000E+00,N/A,50.000,50.000,0.000E+00,50.000001,0.000000
2026-10-01 14:18:39,Diversity / RX1 / interval BER,0.000E+00,0.000E+00,0.000E+00,N/A,50.000,50.000,0.000E+00,50.000000,0.000000
2026-10-01 14:18:40,Diversity / RX1 / interval BER,0.000E+00,0.000E+00,0.000E+00,N/A,50.000,50.000,0.000E+00,49.999999,0.000000
2026-10-01 14:18:41,Diversity / RX1 / interval BER,0.000E+00,0.000E+00,0.000E+00,N/A,50.000,50.000,0.000E+00,50.000000,0.000000
2026-10-01 14:18:42,Diversity / RX1 / interval BER,0.000E+00,0.000E+00,0.000E+00,N/A,50.000,50.000,0.000E+00,50.000000,0.000000
2026-10-01 14:18:43,Diversity / RX1 / interval BER,0.000E+00,0.000E+00,0.000E+00,N/A,50.000,50.000,0.000E+00,50.000000,0.000000
2026-10-01 14:18:44,Diversity / RX1 / interval BER,0.000E+00,0.000E+00,0.000E+00,N/A,50.000,50.000,0.000E+00,50.000000,0.000000
2026-10-01 14:18:45,Diversity / RX1 / interval BER,0.000E+00,0.000E+00,0.000E+00,N/A,50.000,50.000,0.000E+00,50.000000,0.000000
2026-10-01 14:18:46,Diversity / RX1 / interval BER,0.000E+00,0.000E+00,0.000E+00,N/A,50.000,50.000,0.000E+00,50.000000,0.000000
2026-10-01 14:18:47,Diversity / RX1 / interval BER,0.000E+00,0.000E+00,0.000E+00,N/A,50.000,50.000,0.000E+00,50.000000,0.000000
2026-10-01 14:18:48,Diversity / RX1 / interval BER,0.000E+00,0.000E+00,0.000E+00,N/A,50.000,50.000,0.000E+00,50.000000,0.000000
2026-10-01 14:18:49,Diversity / RX1 / interval BER,0.000E+00,0.000E+00,0.000E+00,N/A,50.000,50.000,0.000E+00,50.000000,0.000000
2026-10-01 14:18:50,Diversity / RX1 / interval BER,0.000E+00,0.000E+00,0.000E+00,N/A,50.000,50.000,0.000E+00,50.000000,0.000000
2026-10-01 14:18:51,Diversity / RX1 / interval BER,0.000E+00,0.000E+00,0.000E+00,N/A,50.000,50.000,0.000E+00,50.000001,0.000000
2026-10-01 14:18:52,Diversity / RX1 / interval BER,0.000E+00,0.000E+00,0.000E+00,N/A,50.000,50.000,0.000E+00,50.000000,0.000000
2026-10-01 14:18:53,Diversity / RX1 / interval BER,0.000E+00,0.000E+00,0.000E+00,N/A,50.000,50.000,0.000E+00,50.000000,0.000000
2026-10-01 14:18:54,Diversity / RX1 / interval BER,0.000E+00,0.000E+00,0.000E+00,N/A,50.000,50.000,0.000E+00,50.000000,0.000000
2026-10-01 14:18:55,Diversity / RX1 / interval BER,0.000E+00,0.000E+00,0.000E+00,N/A,50.000,50.000,0.000E+00,49.999999,0.000000
2026-10-01 14:18:56,Diversity / RX1 / interval BER,0.000E+00,0.000E+00,0.000E+00,N/A,50.000,50.000,0.000E+00,50.000000,0.000000
2026-10-01 14:18:57,Diversity / RX1 / interval BER,0.000E+00,0.000E+00,0.000E+00,N/A,50.000,50.000,0.000E+00,50.000000,0.000000
2026-10-01 14:18:58,Diversity / RX1 / interval BER,0.000E+00,0.000E+00,0.000E+00,N/A,50.000,50.000,0.000E+00,50.000000,0.000000
2026-10-01 14:18:59,Diversity / RX1 / interval BER,0.000E+00,0.000E+00,0.000E+00,N/A,50.000,50.000,0.000E+00,50.000000,0.000000
2026-10-01 14:19:00,Diversity / RX1 / interval BER,0.000E+00,0.000E+00,0.000E+00,N/A,50.000,50.000,0.000E+00,50.000000,0.000000
2026-10-01 14:19:01,Diversity / RX1 / interval BER,0.000E+00,0.000E+00,0.000E+00,N/A,50.000,50.000,0.000E+00,50.000000,0.000000
2026-10-01 14:19:02,Diversity / RX1 / interval BER,0.000E+00,0.000E+00,0.000E+00,N/A,50.000,50.000,0.000E+00,50.000000,0.000000
2026-10-01 14:19:03,Diversity / RX1 / interval BER,0.000E+00,0.000E+00,0.000E+00,N/A,50.000,50.000,0.000E+00,50.000000,0.000000
2026-10-01 14:19:04,Diversity / RX1 / interval BER,0.000E+00,0.000E+00,0.000E+00,N/A,50.000,50.000,0.000E+00,49.999999,0.000000
2026-10-01 14:19:05,Diversity / RX1 / interval BER,0.000E+00,0.000E+00,0.000E+00,N/A,50.000,50.000,0.000E+00,50.000000,0.000000
2026-10-01 14:19:06,Diversity / RX1 / interval BER,0.000E+00,0.000E+00,0.000E+00,N/A,50.000,50.000,0.000E+00,50.000000,0.000000
2026-10-01 14:19:07,Diversity / RX1 / interval BER,0.000E+00,0.000E+00,0.000E+00,N/A,50.000,50.000,0.000E+00,49.999999,0.000000
2026-10-01 14:19:08,Diversity / RX1 / interval BER,0.000E+00,0.000E+00,0.000E+00,N/A,50.000,50.000,0.000E+00,50.000001,0.000000
2026-10-01 14:19:09,Diversity / RX1 / interval BER,0.000E+00,0.000E+00,0.000E+00,N/A,50.000,50.000,0.000E+00,50.000000,0.000000
2026-10-01 14:19:10,Diversity / RX1 / interval BER,0.000E+00,0.000E+00,0.000E+00,N/A,50.000,50.000,0.000E+00,50.000000,0.000000
2026-10-01 14:19:11,Diversity / RX1 / interval BER,0.000E+00,0.000E+00,0.000E+00,N/A,50.000,50.000,0.000E+00,50.000000,0.000000
2026-10-01 14:19:12,Diversity / RX1 / interval BER,0.000E+00,0.000E+00,0.000E+00,N/A,50.000,50.000,0.000E+00,50.000000,0.000000
2026-10-01 14:19:13,Diversity / RX1 / interval BER,0.000E+00,0.000E+00,0.000E+00,N/A,50.000,50.000,0.000E+00,50.000000,0.000000
2026-10-01 14:19:14,Diversity / RX1 / interval BER,0.000E+00,0.000E+00,0.000E+00,N/A,50.000,50.000,0.000E+00,50.000000,0.000000
2026-10-01 14:19:15,Diversity / RX1 / interval BER,0.000E+00,0.000E+00,0.000E+00,N/A,50.000,50.000,0.000E+00,50.000000,0.000000
2026-10-01 14:19:16,Diversity / RX1 / interval BER,0.000E+00,0.000E+00,0.000E+00,N/A,50.000,50.000,0.000E+00,50.000000,0.000000
2026-10-01 14:19:17,Diversity / RX1 / interval BER,0.000E+00,0.000E+00,0.000E+00,N/A,50.000,50.000,0.000E+00,49.999999,0.000000
2026-10-01 14:19:18,Diversity / RX1 / interval BER,0.000E+00,0.000E+00,0.000E+00,N/A,50.000,50.000,0.000E+00,50.000000,0.000000
2026-10-01 14:19:19,Diversity / RX1 / interval BER,0.000E+00,0.000E+00,0.000E+00,N/A,50.000,50.000,0.000E+00,50.000000,0.000000
2026-10-01 14:19:20,Diversity / RX1 / interval BER,0.000E+00,0.000E+00,0.000E+00,N/A,50.000,50.000,0.000E+00,50.000000,0.000000
2026-10-01 14:19:21,Diversity / RX1 / interval BER,0.000E+00,0.000E+00,0.000E+00,N/A,50.000,50.000,0.000E+00,50.000000,0.000000
2026-10-01 14:19:22,Diversity / RX1 / interval BER,0.000E+00,0.000E+00,0.000E+00,N/A,50.000,50.000,0.000E+00,50.000000,0.000000
2026-10-01 14:19:23,Diversity / RX1 / interval BER,0.000E+00,0.000E+00,0.000E+00,N/A,50.000,50.000,0.000E+00,50.000000,0.000000
